x,y,type,scale,rotation,cluster_id
0.43555,0.66992,0,1.039,232.4,0
0.41602,0.66211,0,0.818,39.5,0
0.45117,0.66992,0,0.871,82.0,0
0.42773,0.66211,0,0.978,207.5,0
0.42773,0.67383,0,1.040,297.7,0
0.45117,0.65430,0,0.663,301.4,0
0.45117,0.66211,0,1.180,194.6,0
0.42773,0.65039,0,0.807,326.2,0
0.43945,0.66602,0,0.786,292.9,0
0.41992,0.66992,0,1.207,256.9,0
0.42383,0.66602,0,0.647,12.7,0
0.43555,0.65430,0,1.260,244.6,0
0.43555,0.67383,0,1.289,310.6,0
0.45508,0.66211,0,1.045,99.1,0
0.44336,0.65039,0,1.079,274.5,0
0.43945,0.67383,0,0.777,248.7,0
0.41211,0.65430,0,1.297,346.7,0
0.44727,0.67383,0,1.197,272.0,0
0.43945,0.64648,0,1.176,180.7,0
0.45898,0.68164,0,1.071,19.8,0
0.43555,0.66211,0,0.802,62.7,0
0.43164,0.66992,0,0.673,155.7,0
0.43555,0.66602,0,1.016,86.8,0
0.41602,0.65820,0,0.712,131.3,0
0.45508,0.68164,0,1.047,14.0,0
0.41602,0.66602,0,1.233,261.1,0
0.43164,0.66211,0,1.099,306.5,0
0.42383,0.66211,0,0.889,83.0,0
0.42773,0.65820,0,1.033,40.5,0
0.41992,0.66211,0,0.811,345.1,0
0.43555,0.65820,0,1.293,88.0,0
0.43945,0.66211,0,1.119,236.9,0
0.41992,0.66602,0,0.889,63.9,0
0.51758,0.52539,0,0.866,260.8,1
0.52148,0.52930,0,0.988,88.5,1
0.50586,0.53320,0,1.133,248.5,1
0.51367,0.51758,0,1.141,275.8,1
0.51367,0.50586,0,0.719,331.2,1
0.51758,0.53711,0,0.798,321.0,1
0.49805,0.50586,0,1.197,38.3,1
0.50195,0.50977,0,0.821,326.2,1
0.52148,0.52539,0,0.747,308.2,1
0.52148,0.50977,0,0.958,130.8,1
0.50977,0.52148,0,1.002,220.3,1
0.50586,0.50586,0,1.141,108.5,1
0.52930,0.50586,0,0.948,5.6,1
0.49805,0.50195,0,1.123,123.0,1
0.50195,0.50586,0,1.202,89.4,1
0.52930,0.51758,0,0.842,70.0,1
0.50195,0.52539,0,0.728,244.6,1
0.48633,0.50977,0,1.044,310.0,1
0.48242,0.51758,0,0.716,146.1,1
0.61133,0.48242,0,1.060,117.7,2
0.60742,0.47461,0,1.084,120.4,2
0.61133,0.47070,0,0.673,329.0,2
0.59570,0.45117,0,0.682,110.6,2
0.60352,0.47852,0,1.056,86.1,2
0.60352,0.45898,0,1.111,75.5,2
0.57617,0.44727,0,0.947,195.8,2
0.60742,0.45508,0,1.126,206.4,2
0.58789,0.46289,0,1.252,99.5,2
0.62305,0.47461,0,1.125,307.2,2
0.60742,0.48633,0,1.100,337.1,2
0.60742,0.46289,0,0.703,108.1,2
0.61523,0.46680,0,1.163,83.6,2
0.61914,0.46680,0,0.806,236.7,2
0.63086,0.44336,0,0.681,288.9,2
0.59961,0.47852,0,0.887,171.6,2
0.61133,0.47461,0,0.915,18.3,2
0.59570,0.47852,0,0.660,41.1,2
0.60352,0.46289,0,0.885,46.3,2
0.62695,0.47461,0,1.252,247.4,2
0.59570,0.45898,0,1.077,288.4,2
0.33789,0.50977,0,0.612,74.9,3
0.33398,0.50977,0,0.615,66.7,3
0.34180,0.51367,0,0.688,348.3,3
0.33398,0.52148,0,0.781,247.3,3
0.35742,0.49414,0,1.072,252.3,3
0.32227,0.50195,0,1.096,214.6,3
0.34180,0.53320,0,0.673,11.9,3
0.34180,0.52930,0,0.870,34.1,3
0.33398,0.50195,0,0.767,214.8,3
0.33789,0.52148,0,0.920,317.6,3
0.34570,0.50586,0,0.614,160.0,3
0.33008,0.50977,0,1.249,276.6,3
0.31836,0.52539,0,0.901,31.5,3
0.34180,0.50977,0,0.779,207.9,3
0.32227,0.52539,0,0.770,118.4,3
0.33008,0.52148,0,0.919,67.5,3
0.34180,0.50195,0,0.668,285.1,3
0.32617,0.52930,0,0.848,119.7,3
0.32227,0.51758,0,1.143,157.9,3
0.36914,0.49805,0,0.642,278.9,3
0.34570,0.50977,0,0.664,75.2,3
0.34180,0.51758,0,0.974,3.4,3
0.33398,0.49414,0,1.185,244.1,3
0.32227,0.50977,0,1.035,270.4,3
0.36914,0.49414,0,0.899,169.9,3
0.34570,0.49805,0,0.945,134.0,3
0.40430,0.63477,0,1.291,43.7,4
0.39258,0.62695,0,1.090,339.1,4
0.39648,0.63086,0,0.641,342.4,4
0.41602,0.63477,0,0.697,224.5,4
0.39258,0.64648,0,1.051,179.8,4
0.39648,0.61523,0,1.061,231.6,4
0.40820,0.64648,0,1.131,2.3,4
0.39648,0.64648,0,1.212,43.2,4
0.39648,0.62305,0,0.998,41.7,4
0.38867,0.63477,0,1.247,80.6,4
0.38477,0.63867,0,1.137,244.2,4
0.41992,0.63086,0,0.881,49.2,4
0.41992,0.62695,0,0.922,226.4,4
0.37695,0.62695,0,0.888,41.3,4
0.40039,0.61914,0,1.204,131.5,4
0.40820,0.63086,0,1.187,359.0,4
0.40820,0.63867,0,0.797,297.0,4
0.42773,0.63477,0,0.886,291.8,4
0.40039,0.65430,0,0.994,216.4,4
0.40039,0.62305,0,0.708,336.3,4
0.41602,0.63086,0,0.620,197.2,4
0.41211,0.63477,0,1.147,230.7,4
0.41211,0.63086,0,0.850,81.4,4
0.39648,0.62695,0,1.073,17.5,4
0.39258,0.63086,0,1.067,153.7,4
0.40039,0.63086,0,0.711,188.3,4
0.38086,0.63086,0,1.238,184.9,4
0.39648,0.65820,0,0.629,40.7,4
0.38867,0.63867,0,0.866,35.0,4
0.40430,0.62305,0,1.120,145.9,4
0.40430,0.64258,0,1.214,195.6,4
0.47461,0.50586,0,0.810,14.7,5
0.49414,0.50586,0,0.824,115.6,5
0.46680,0.50977,0,0.913,281.8,5
0.47852,0.51367,0,1.197,307.8,5
0.47852,0.50586,0,1.147,328.4,5
0.47070,0.50195,0,1.008,126.8,5
0.46680,0.51367,0,0.784,234.7,5
0.46289,0.50195,0,1.223,215.9,5
0.45117,0.50977,0,0.790,309.2,5
0.46680,0.50586,0,1.247,308.9,5
0.44727,0.66211,0,0.917,107.9,6
0.44727,0.64258,0,0.785,94.3,6
0.45117,0.64258,0,0.842,280.2,6
0.44727,0.65430,0,1.145,80.6,6
0.44727,0.65039,0,0.915,123.1,6
0.44336,0.64648,0,1.253,299.9,6
0.45117,0.67383,0,1.292,46.2,6
0.43945,0.65430,0,1.083,155.6,6
0.44336,0.65820,0,0.957,17.6,6
0.45117,0.64648,0,1.290,171.5,6
0.45117,0.65039,0,1.245,69.3,6
0.44727,0.64648,0,1.227,247.1,6
0.45508,0.64648,0,1.013,263.0,6
0.43945,0.65820,0,1.023,334.0,6
0.46289,0.68164,0,1.139,244.4,6
0.45508,0.65039,0,1.168,163.8,6
0.43945,0.64258,0,1.140,63.3,6
0.45898,0.64648,0,1.038,116.8,6
0.45508,0.64258,0,0.737,5.1,6
0.43164,0.65039,0,1.086,204.0,6
0.42383,0.63867,0,1.006,164.0,6
0.45508,0.65820,0,0.770,291.0,6
0.54883,0.34180,0,0.804,262.0,7
0.56445,0.34180,0,0.733,244.5,7
0.55273,0.33398,0,0.791,343.6,7
0.54492,0.32617,0,0.812,133.6,7
0.54492,0.34570,0,1.014,90.6,7
0.55664,0.33398,0,1.013,10.5,7
0.56055,0.36133,0,1.146,129.0,7
0.54492,0.33008,0,1.095,260.4,7
0.55273,0.34180,0,1.169,342.3,7
0.54492,0.33398,0,0.707,87.6,7
0.55273,0.34570,0,1.056,292.9,7
0.55664,0.33789,0,0.957,314.4,7
0.56055,0.34180,0,0.770,347.4,7
0.54883,0.32617,0,0.748,265.7,7
0.55664,0.34180,0,1.298,340.9,7
0.54883,0.33789,0,1.003,261.3,7
0.54102,0.33008,0,0.742,60.8,7
0.55664,0.33008,0,1.281,150.2,7
0.56055,0.33008,0,0.821,19.0,7
0.54492,0.34961,0,0.780,246.4,7
0.56055,0.34570,0,1.113,129.6,7
0.55273,0.33008,0,1.110,57.7,7
0.53711,0.37305,0,0.786,202.5,7
0.54883,0.34961,0,1.231,26.1,7
0.54883,0.33008,0,1.089,130.7,7
0.56836,0.34180,0,1.298,297.9,7
0.56055,0.34961,0,0.883,143.9,7
0.54883,0.33398,0,0.699,187.4,7
0.56055,0.35742,0,1.201,167.4,7
0.54492,0.33789,0,0.764,289.6,7
0.55664,0.34961,0,1.166,183.8,7
0.55664,0.34570,0,1.151,124.2,7
0.54883,0.45508,0,0.949,358.2,8
0.53320,0.48633,0,1.180,166.3,8
0.55664,0.48242,0,1.248,122.9,8
0.53320,0.47852,0,1.046,182.0,8
0.54492,0.46289,0,0.688,109.0,8
0.55273,0.45508,0,0.744,4.8,8
0.54102,0.46680,0,1.189,54.4,8
0.54883,0.47852,0,0.911,43.4,8
0.54102,0.49023,0,0.832,356.6,8
0.54883,0.47461,0,0.754,181.9,8
0.56055,0.48633,0,0.751,48.5,8
0.55273,0.46680,0,0.664,277.3,8
0.55664,0.46289,0,1.174,342.5,8
0.55664,0.47852,0,0.652,13.7,8
0.57227,0.47852,0,1.141,49.2,8
0.54883,0.46289,0,0.901,324.3,8
0.54492,0.49023,0,1.110,235.1,8
0.56836,0.47852,0,1.055,340.4,8
0.54492,0.48242,0,1.145,30.0,8
0.58008,0.47852,0,1.041,205.1,8
0.55273,0.48633,0,1.113,149.4,8
0.57227,0.47070,0,0.651,245.3,8
0.58789,0.48633,0,0.856,36.4,9
0.58398,0.47852,0,1.262,52.7,9
0.57617,0.47461,0,1.065,255.0,9
0.59570,0.47461,0,1.172,352.1,9
0.58008,0.48633,0,1.166,68.3,9
0.55664,0.47070,0,1.096,281.3,9
0.57227,0.45898,0,1.052,207.3,9
0.58789,0.48242,0,0.767,134.5,9
0.58398,0.49023,0,0.911,270.6,9
0.57617,0.47852,0,0.616,177.9,9
0.58398,0.48242,0,0.735,317.7,9
0.59961,0.48242,0,0.836,335.5,9
0.58789,0.47070,0,1.095,270.3,9
0.58008,0.49414,0,0.602,250.6,9
0.58398,0.48633,0,1.192,246.6,9
0.57227,0.45508,0,1.279,47.9,9
0.55273,0.49023,0,0.825,294.0,9
0.57617,0.48242,0,1.219,97.3,9
0.40820,0.51758,0,1.272,289.4,10
0.40039,0.50977,0,1.027,166.1,10
0.40039,0.49805,0,1.009,222.8,10
0.42383,0.50195,0,0.993,236.1,10
0.41602,0.50586,0,0.875,160.5,10
0.40039,0.51367,0,1.003,315.6,10
0.42383,0.52148,0,0.708,76.0,10
0.42383,0.50977,0,1.200,284.5,10
0.41211,0.50586,0,1.228,187.3,10
0.40430,0.50586,0,1.026,260.5,10
0.42773,0.51758,0,0.744,326.0,10
0.40430,0.52539,0,1.224,99.8,10
0.42383,0.51758,0,0.616,11.0,10
0.42383,0.50586,0,0.675,20.5,10
0.39258,0.51367,0,0.745,208.1,10
0.40820,0.52148,0,1.289,274.7,10
0.39648,0.54102,0,0.943,33.6,10
0.42773,0.51367,0,1.181,157.5,10
0.41602,0.51758,0,1.092,164.7,10
0.43164,0.49805,0,1.279,224.2,10
0.41992,0.51758,0,0.961,15.0,10
0.41992,0.49805,0,1.027,288.6,10
0.40820,0.53320,0,1.169,195.1,10
0.41992,0.50977,0,1.151,145.7,10
0.41211,0.51367,0,0.670,350.2,10
0.43945,0.50977,0,1.066,14.2,10
0.41211,0.49805,0,0.998,321.5,10
0.41211,0.53711,0,1.096,92.9,10
0.34570,0.44336,0,0.954,334.5,11
0.36914,0.47070,0,1.036,274.5,11
0.35742,0.46680,0,0.638,101.4,11
0.36133,0.47070,0,1.135,340.7,11
0.37695,0.48633,0,1.282,61.8,11
0.36523,0.47070,0,0.729,182.1,11
0.36133,0.46680,0,1.064,56.3,11
0.34570,0.47852,0,1.193,162.8,11
0.34961,0.46289,0,0.672,159.0,11
0.35742,0.49023,0,0.744,68.0,11
0.35352,0.47461,0,0.808,215.8,11
0.37305,0.47070,0,0.726,337.3,11
0.35352,0.47852,0,1.073,229.2,11
0.35352,0.46680,0,1.180,165.8,11
0.36133,0.49023,0,1.283,122.0,11
0.35742,0.47461,0,1.136,100.0,11
0.34570,0.47461,0,0.662,13.4,11
0.38477,0.48242,0,1.162,270.2,11
0.34180,0.45898,0,1.184,337.5,11
0.36914,0.48242,0,0.673,273.9,11
0.38086,0.47852,0,0.786,21.6,11
0.34961,0.45898,0,0.946,213.1,11
0.36133,0.47852,0,0.959,121.7,11
0.34961,0.46680,0,0.700,182.2,11
0.33789,0.47461,0,1.265,188.0,11
0.38086,0.47461,0,1.009,83.3,11
0.38086,0.49023,0,0.602,17.5,11
0.35352,0.49023,0,1.020,146.6,11
0.35352,0.48242,0,0.784,282.7,11
0.66602,0.54102,0,0.817,293.8,12
0.65820,0.52148,0,0.718,285.8,12
0.66992,0.52539,0,0.895,269.5,12
0.66992,0.51758,0,1.297,293.0,12
0.66602,0.53711,0,0.841,4.7,12
0.68164,0.52148,0,1.263,218.8,12
0.66602,0.52148,0,0.889,282.4,12
0.66211,0.52148,0,0.618,18.9,12
0.66211,0.52930,0,0.991,100.7,12
0.68555,0.52930,0,1.084,55.0,12
0.66602,0.51758,0,0.667,132.5,12
0.67773,0.52539,0,1.083,302.1,12
0.67383,0.52539,0,0.773,329.6,12
0.68555,0.51758,0,0.781,158.0,12
0.65820,0.52539,0,0.951,338.5,12
0.65039,0.52539,0,0.839,268.1,12
0.67773,0.52930,0,0.914,190.9,12
0.68164,0.52539,0,0.664,226.1,12
0.65430,0.53320,0,0.669,100.9,12
0.68164,0.51367,0,1.015,295.4,12
0.67773,0.51758,0,0.726,166.2,12
0.67383,0.52930,0,0.997,259.1,12
0.66992,0.52148,0,1.059,309.0,12
0.66211,0.53711,0,1.122,214.3,12
0.66992,0.53711,0,0.823,82.1,12
0.66602,0.52539,0,1.190,9.2,12
0.66602,0.54492,0,0.964,201.3,12
0.65430,0.52539,0,1.107,138.7,12
0.66602,0.54883,0,0.740,327.8,12
0.65430,0.51367,0,0.750,343.9,12
0.65039,0.52148,0,0.706,55.3,12
0.66992,0.53320,0,0.623,259.8,12
0.40430,0.43164,0,1.271,186.0,13
0.41211,0.43945,0,0.889,41.2,13
0.40430,0.43555,0,1.282,322.8,13
0.41211,0.44336,0,1.197,295.3,13
0.43164,0.43555,0,0.821,82.3,13
0.41602,0.44727,0,0.923,250.6,13
0.42383,0.45117,0,1.115,332.6,13
0.42383,0.45508,0,1.178,306.1,13
0.41602,0.43164,0,0.707,196.2,13
0.42383,0.43945,0,1.242,37.4,13
0.41992,0.45117,0,0.763,147.7,13
0.43164,0.46289,0,0.709,102.5,13
0.40820,0.44727,0,1.132,106.9,13
0.40820,0.46289,0,0.634,343.5,13
0.42773,0.44336,0,1.074,74.3,13
0.40820,0.44336,0,0.864,174.8,13
0.41211,0.44727,0,0.994,66.6,13
0.41602,0.43555,0,1.249,65.3,13
0.40430,0.46289,0,0.894,269.2,13
0.43945,0.41602,0,1.120,50.1,13
0.40430,0.44727,0,1.029,187.4,13
0.42773,0.43555,0,0.736,102.2,13
0.43164,0.43164,0,1.262,234.9,13
0.40820,0.43164,0,0.704,6.1,13
0.42383,0.43555,0,1.223,243.1,13
0.41992,0.43555,0,0.710,116.7,13
0.41602,0.44336,0,0.997,329.9,13
0.43164,0.45898,0,1.240,327.7,13
0.36914,0.62305,0,1.202,301.6,14
0.36523,0.62305,0,1.012,41.6,14
0.36133,0.60352,0,0.921,111.9,14
0.36523,0.60352,0,0.744,186.6,14
0.34570,0.58789,0,0.752,27.6,14
0.40039,0.60352,0,0.636,310.6,14
0.36133,0.61133,0,0.811,222.5,14
0.36523,0.60742,0,1.032,119.4,14
0.35742,0.61133,0,0.940,186.3,14
0.38867,0.62695,0,0.748,10.4,14
0.37695,0.63086,0,1.131,180.1,14
0.38477,0.58789,0,1.029,38.4,14
0.35352,0.60352,0,0.682,239.8,14
0.38477,0.59180,0,1.214,128.2,14
0.35352,0.60742,0,0.611,22.6,14
0.36523,0.59570,0,0.717,111.8,14
0.37695,0.62305,0,0.689,17.9,14
0.38477,0.61914,0,0.616,108.7,14
0.37695,0.61133,0,0.876,173.5,14
0.36523,0.61914,0,0.928,75.7,14
0.37305,0.62695,0,0.930,334.9,14
0.38867,0.60742,0,0.875,352.3,14
0.37305,0.61133,0,0.672,16.8,14
0.37695,0.61523,0,0.937,118.9,14
0.36133,0.61523,0,0.625,98.6,14
0.38867,0.62305,0,1.153,87.7,14
0.36914,0.59180,0,0.943,351.1,14
0.36523,0.61133,0,1.130,157.3,14
0.37695,0.55664,0,0.893,109.9,15
0.38086,0.56445,0,1.071,57.5,15
0.38867,0.58398,0,0.836,35.2,15
0.38477,0.56836,0,1.050,79.5,15
0.38086,0.57227,0,1.123,281.2,15
0.38477,0.57617,0,1.030,321.1,15
0.40820,0.57617,0,0.863,252.5,15
0.38477,0.55273,0,1.115,110.6,15
0.39648,0.57227,0,1.086,348.9,15
0.38867,0.56836,0,0.959,232.7,15
0.39648,0.56836,0,0.824,162.0,15
0.39648,0.57617,0,1.100,355.9,15
0.38477,0.57227,0,0.943,340.3,15
0.38867,0.55273,0,0.603,121.4,15
0.41211,0.58398,0,0.771,301.9,15
0.38086,0.56836,0,0.952,273.5,15
0.37695,0.58008,0,0.817,8.8,15
0.41602,0.57617,0,0.819,314.7,15
0.41211,0.53320,0,1.085,255.3,15
0.37695,0.58398,0,0.789,8.5,15
0.38867,0.57227,0,1.009,187.7,15
0.37695,0.56055,0,0.740,123.4,15
0.40430,0.57617,0,0.642,152.6,15
0.39258,0.54883,0,0.864,25.7,15
0.40039,0.57617,0,1.009,226.9,15
0.40039,0.58398,0,1.266,248.7,15
0.42383,0.59961,0,1.194,44.6,16
0.41602,0.59180,0,0.852,54.1,16
0.40820,0.61914,0,1.041,283.5,16
0.40430,0.59961,0,0.678,337.8,16
0.40820,0.59570,0,1.260,163.5,16
0.42383,0.61133,0,1.052,90.8,16
0.38867,0.59180,0,0.851,272.0,16
0.40820,0.58789,0,1.210,246.3,16
0.42383,0.58398,0,0.640,299.6,16
0.40430,0.61133,0,1.131,314.5,16
0.41211,0.60742,0,0.846,252.3,16
0.40430,0.62695,0,0.780,267.3,16
0.40430,0.59570,0,1.049,252.3,16
0.40820,0.58008,0,0.608,352.7,16
0.41602,0.61523,0,0.792,340.8,16
0.41602,0.58789,0,1.013,143.7,16
0.41992,0.59180,0,1.227,303.4,16
0.39258,0.58008,0,0.710,67.0,16
0.42383,0.59570,0,0.963,306.3,16
0.42383,0.60352,0,0.978,218.6,16
0.41211,0.58008,0,1.010,208.4,16
0.40820,0.60352,0,1.108,250.0,16
0.39258,0.59961,0,0.997,340.3,16
0.43555,0.59961,0,0.736,107.6,16
0.39648,0.60352,0,1.271,246.7,16
0.40430,0.60352,0,1.119,21.5,16
0.40039,0.57227,0,0.964,162.2,16
0.41992,0.62305,0,0.815,289.1,16
0.40430,0.59180,0,1.152,230.1,16
0.40820,0.59180,0,0.697,312.9,16
0.34180,0.55273,0,0.925,36.0,17
0.33398,0.57617,0,0.775,266.9,17
0.33008,0.54492,0,0.654,239.5,17
0.33789,0.55273,0,0.742,182.2,17
0.33008,0.56055,0,0.922,69.6,17
0.32617,0.55273,0,0.986,153.3,17
0.33789,0.56836,0,0.610,98.4,17
0.34961,0.56055,0,1.216,246.6,17
0.33008,0.56836,0,0.866,31.4,17
0.34180,0.56055,0,1.232,207.5,17
0.34180,0.56445,0,0.907,159.8,17
0.33008,0.55664,0,0.842,196.2,17
0.32227,0.55273,0,0.658,299.2,17
0.33398,0.56055,0,1.091,64.9,17
0.33789,0.55664,0,0.670,338.7,17
0.34570,0.56055,0,0.698,181.0,17
0.31445,0.56445,0,1.085,348.1,17
0.32617,0.54883,0,1.074,119.7,17
0.33398,0.54492,0,0.870,30.8,17
0.33398,0.57227,0,0.908,8.3,17
0.34180,0.55664,0,1.231,101.4,17
0.32617,0.54492,0,1.162,249.2,17
0.32227,0.54492,0,0.846,256.6,17
0.34961,0.56445,0,0.633,11.1,17
0.34961,0.57227,0,0.611,88.5,17
0.33789,0.57227,0,1.239,43.8,17
0.34961,0.59180,0,1.112,336.5,17
0.33789,0.56055,0,1.025,107.0,17
0.34180,0.57617,0,0.971,140.8,17
0.32227,0.55664,0,1.151,131.6,17
0.31836,0.56445,0,1.263,18.4,17
0.33398,0.55273,0,1.109,63.3,17
0.33789,0.58398,0,0.769,319.7,17
0.42969,0.60156,2,0.749,107.2,-1
0.45703,0.51953,0,0.787,317.3,-1
0.37500,0.38672,2,0.948,110.1,-1
0.41016,0.56250,1,0.819,50.7,-1
0.41797,0.60547,2,0.707,45.0,-1
0.51172,0.51172,0,1.021,216.9,-1
0.52344,0.53516,0,0.759,33.8,-1
0.31250,0.44531,2,0.727,226.0,-1
0.37109,0.39844,2,1.070,45.7,-1
0.64453,0.57812,1,0.684,38.9,-1
0.53125,0.54297,1,1.246,274.8,-1
0.56250,0.49219,1,0.732,159.4,-1
0.44141,0.55859,1,1.085,133.8,-1
0.48828,0.54688,1,0.963,60.4,-1
0.48047,0.52344,0,0.828,125.0,-1
0.30859,0.46484,3,1.220,294.7,-1
0.53125,0.54688,1,0.904,299.3,-1
0.42188,0.60547,2,0.662,320.7,-1
0.66406,0.58203,0,0.614,272.8,-1
0.33594,0.43359,2,0.694,121.4,-1
0.56641,0.67188,2,0.668,81.1,-1
0.44141,0.58594,1,0.733,162.2,-1
0.45703,0.56641,1,0.621,82.8,-1
0.41797,0.64062,2,1.294,63.7,-1
0.57812,0.33203,2,1.261,222.6,-1
0.45312,0.59375,1,1.027,252.6,-1
0.42969,0.57031,1,0.772,182.4,-1
0.32812,0.44141,2,0.792,169.9,-1
0.32422,0.48828,2,1.287,143.2,-1
0.50000,0.61719,1,0.662,227.9,-1
0.66797,0.58594,0,1.294,74.1,-1
0.40625,0.46094,3,0.906,310.0,-1
0.34375,0.54688,0,0.838,91.9,-1
0.34766,0.53906,2,0.655,146.1,-1
0.55469,0.64453,1,0.611,267.5,-1
0.43750,0.67578,2,0.883,131.7,-1
0.54688,0.52344,1,0.627,76.6,-1
0.42969,0.51172,2,1.286,25.6,-1
0.63281,0.52734,1,1.279,291.1,-1
0.55859,0.56250,1,1.188,63.0,-1
0.53125,0.54297,1,1.048,319.2,-1
0.46484,0.60156,1,1.060,107.8,-1
0.44531,0.48047,0,1.086,136.3,-1
0.54297,0.33594,3,0.625,179.3,-1
0.56250,0.51562,1,0.657,315.1,-1
0.54688,0.32422,2,0.926,304.4,-1
0.61719,0.50000,1,0.711,310.8,-1
0.59766,0.65625,2,0.642,286.1,-1
0.66797,0.57812,0,0.910,113.3,-1
0.33203,0.42578,1,0.658,172.9,-1
0.45312,0.57422,1,1.180,48.4,-1
0.57812,0.53906,1,0.705,162.9,-1
0.32812,0.51172,3,1.119,338.0,-1
0.54688,0.52344,1,1.264,67.4,-1
0.67578,0.58594,3,1.274,311.0,-1
0.44922,0.67969,3,0.957,260.6,-1
0.53906,0.50000,1,0.630,340.3,-1
0.53516,0.68359,2,0.926,122.6,-1
0.66797,0.53516,0,1.187,56.2,-1
0.37500,0.40625,2,0.645,81.9,-1
0.59766,0.66016,2,0.850,53.9,-1
0.32422,0.57422,3,0.754,111.5,-1
0.33984,0.42969,3,0.690,351.8,-1
0.62891,0.54688,1,0.685,77.1,-1
0.38281,0.60156,0,0.946,316.7,-1
0.62109,0.50781,1,0.634,318.0,-1
0.58203,0.55469,1,1.043,311.9,-1
0.33594,0.53125,3,0.988,11.3,-1
0.57812,0.55078,1,0.721,169.3,-1
0.55078,0.52344,1,0.714,184.2,-1
0.42969,0.49219,0,0.985,127.2,-1
0.54688,0.58594,1,0.763,169.3,-1
0.33203,0.48047,0,0.948,264.8,-1
0.54688,0.67578,2,0.999,74.6,-1
0.41406,0.43359,2,0.728,243.4,-1
0.33594,0.44531,3,0.700,33.1,-1
0.30469,0.52344,2,0.992,133.6,-1
0.63672,0.51562,1,1.269,82.4,-1
0.36719,0.62109,2,1.194,46.1,-1
0.35156,0.58594,2,0.711,340.5,-1
0.55859,0.67969,3,0.769,63.9,-1
0.30078,0.45703,3,1.041,10.9,-1
0.60156,0.65625,2,0.719,15.7,-1
0.44531,0.63281,1,1.135,100.9,-1
0.65234,0.56250,1,1.020,96.3,-1
0.62500,0.50391,1,0.992,326.0,-1
0.34766,0.42578,3,1.046,257.0,-1
0.61719,0.48438,0,0.930,307.3,-1
0.50781,0.55078,1,1.004,342.2,-1
0.39844,0.59375,0,0.634,2.2,-1
0.62109,0.55078,1,1.281,135.4,-1
0.40625,0.66406,3,0.955,173.2,-1
0.34375,0.57812,3,0.689,117.7,-1
0.34375,0.44141,2,0.896,341.9,-1
0.57422,0.49609,1,0.602,13.6,-1
0.47656,0.58984,1,0.908,207.0,-1
0.54688,0.40234,2,0.812,172.4,-1
0.50391,0.60156,1,0.643,302.6,-1
0.40234,0.40625,1,0.937,337.0,-1
0.32031,0.49609,2,0.630,155.9,-1
0.47656,0.56250,1,0.738,93.4,-1
0.41016,0.43359,2,1.279,345.0,-1
0.55078,0.48438,0,0.738,278.0,-1
0.42969,0.52734,1,1.166,107.3,-1
0.53516,0.59375,1,0.640,275.0,-1
0.64062,0.62891,2,1.085,88.5,-1
0.56250,0.67188,2,0.673,135.3,-1
0.57812,0.54297,1,1.142,321.4,-1
0.48438,0.50391,0,0.856,203.6,-1
0.43359,0.50391,0,0.678,279.1,-1
0.41406,0.53906,1,0.921,37.0,-1
0.38672,0.63672,0,0.682,304.8,-1
0.31250,0.56641,2,1.178,102.6,-1
0.53125,0.62891,1,0.843,318.7,-1
0.42969,0.54297,1,0.971,243.9,-1
0.46484,0.61328,1,1.040,146.6,-1
0.35156,0.58594,3,0.659,263.6,-1
0.46484,0.54688,1,1.040,9.0,-1
0.48438,0.60547,1,1.062,194.4,-1
0.66406,0.60156,3,1.036,25.9,-1
0.39453,0.51172,0,1.283,85.6,-1
0.42188,0.33984,1,1.058,140.4,-1
0.40234,0.37109,1,0.923,8.7,-1
0.42969,0.60938,0,0.890,44.4,-1
0.37891,0.63281,3,1.063,119.1,-1
0.55469,0.51172,1,0.970,102.3,-1
0.44141,0.64453,0,0.916,274.9,-1
0.37891,0.40625,2,0.837,260.3,-1
0.67969,0.58203,2,0.755,71.9,-1
0.53906,0.68359,3,1.097,215.2,-1
0.55859,0.35938,2,1.122,173.9,-1
0.55859,0.67188,3,0.621,284.1,-1
0.59766,0.49609,0,1.064,125.1,-1
0.55078,0.36719,2,1.073,82.0,-1
0.62109,0.54688,1,1.181,290.6,-1
0.53906,0.38672,3,1.020,94.5,-1
0.54688,0.51562,1,1.299,2.7,-1
0.39844,0.46484,3,0.908,1.8,-1
0.64453,0.58203,1,0.944,318.8,-1
0.35938,0.59766,2,0.630,235.0,-1
0.62500,0.50000,1,1.294,78.8,-1
0.51562,0.57812,1,0.798,23.2,-1
0.39453,0.50000,0,0.740,357.9,-1
0.35547,0.41016,1,1.230,281.3,-1
0.43359,0.67188,3,0.784,341.4,-1
0.53516,0.58203,1,1.089,4.0,-1
0.54297,0.62109,1,1.286,265.3,-1
0.44141,0.62891,1,1.140,237.4,-1
0.68359,0.53906,3,0.640,93.8,-1
0.51562,0.58984,1,0.843,235.6,-1
0.44531,0.57031,1,1.184,8.9,-1
0.32422,0.46484,0,1.165,31.8,-1
0.66016,0.55078,1,0.694,228.2,-1
0.35156,0.48047,0,1.259,173.0,-1
0.31641,0.51953,2,0.745,187.9,-1
0.41016,0.45312,3,1.127,61.3,-1
0.33594,0.58203,3,0.953,188.7,-1
0.68359,0.55469,3,0.874,194.4,-1
0.40234,0.48828,0,1.246,184.7,-1
0.55078,0.57031,1,0.861,189.4,-1
0.66016,0.57422,1,1.067,337.3,-1
0.35156,0.58203,2,0.690,150.0,-1
0.43750,0.62109,1,1.112,257.5,-1
0.55859,0.33984,2,0.849,85.6,-1
0.54297,0.37109,2,1.200,245.8,-1
0.30078,0.53125,1,0.901,184.0,-1
0.37109,0.39453,3,1.243,174.0,-1
0.28906,0.47656,1,1.150,158.4,-1
0.58984,0.50781,1,0.664,242.2,-1
0.42188,0.32812,1,0.673,242.3,-1
0.41016,0.43750,2,0.774,339.1,-1
0.60156,0.52344,1,0.834,281.3,-1
0.57031,0.48828,1,0.933,72.9,-1
0.32812,0.50391,2,1.039,25.2,-1
0.45703,0.64453,0,0.939,160.5,-1
0.60547,0.45703,1,1.112,82.1,-1
0.54297,0.67969,3,1.216,42.9,-1
0.42578,0.37109,1,1.231,351.6,-1
0.32031,0.48828,3,1.213,126.4,-1
0.48047,0.60547,1,1.184,31.8,-1
0.45312,0.50000,0,0.620,147.9,-1
0.55859,0.49609,1,0.791,299.3,-1
0.37891,0.64062,2,0.784,18.1,-1
0.46484,0.60156,1,0.712,78.5,-1
0.62109,0.44141,0,0.880,317.8,-1
0.44922,0.67578,2,0.677,228.5,-1
0.41797,0.62500,2,1.036,36.6,-1
0.58203,0.54688,1,0.691,254.9,-1
0.54688,0.60938,1,0.827,261.9,-1
0.37500,0.55859,2,0.796,305.2,-1
0.44141,0.39453,3,0.625,145.4,-1
0.30859,0.46875,3,0.783,359.7,-1
0.42969,0.44922,3,1.055,178.5,-1
0.52734,0.51953,0,1.214,206.7,-1
0.41797,0.40234,1,0.997,18.1,-1
0.63281,0.52734,1,1.006,92.6,-1
0.54688,0.65625,0,0.722,52.4,-1
0.44922,0.54297,1,0.836,65.1,-1
0.39844,0.57812,2,0.649,140.5,-1
0.54688,0.53516,1,0.671,328.1,-1
0.54688,0.62891,1,1.252,48.4,-1
0.41016,0.66016,3,0.602,344.5,-1
0.54688,0.41797,0,1.166,17.3,-1
0.55078,0.67188,2,0.872,317.4,-1
0.39844,0.66016,2,1.016,220.9,-1
0.47266,0.61328,1,0.656,226.1,-1
0.32812,0.44922,2,0.673,56.2,-1
0.57422,0.66406,0,1.180,18.5,-1
0.44531,0.56641,1,1.045,287.0,-1
0.53125,0.55469,1,0.701,342.6,-1
0.54297,0.44141,0,0.762,355.7,-1
0.55078,0.50391,1,0.635,134.2,-1
0.39062,0.62109,0,1.109,323.6,-1
0.32031,0.53516,3,1.026,15.2,-1
0.48828,0.56250,1,0.710,306.7,-1
0.43359,0.42188,2,0.876,189.2,-1
0.35938,0.36719,1,0.632,35.5,-1
0.62109,0.55469,1,1.262,111.2,-1
0.46484,0.55859,1,0.892,219.4,-1
0.64844,0.41797,2,0.622,44.3,-1
0.53125,0.67578,2,0.858,353.2,-1
0.35547,0.37891,1,0.843,313.3,-1
0.45312,0.53125,2,0.731,356.7,-1
0.55469,0.56641,1,0.718,104.1,-1
0.48828,0.57812,1,1.010,225.3,-1
0.46484,0.60547,1,0.780,29.3,-1
0.41016,0.62500,0,1.166,44.3,-1
0.48047,0.57422,1,1.048,280.0,-1
0.34766,0.60547,3,0.638,91.9,-1
0.54297,0.54297,1,0.661,98.4,-1
0.53906,0.60938,1,0.894,339.9,-1
0.52344,0.59375,1,0.616,203.0,-1
0.35938,0.41016,3,0.677,78.6,-1
0.53125,0.62500,1,0.630,209.6,-1
0.33594,0.54297,3,0.805,138.4,-1
0.59375,0.50391,1,1.186,109.9,-1
0.64062,0.56641,1,0.684,255.7,-1
0.62109,0.50000,1,1.215,22.5,-1
0.45312,0.39844,2,0.949,128.3,-1
0.39844,0.57031,2,0.960,255.8,-1
0.55078,0.34375,2,0.625,68.0,-1
0.55469,0.46094,0,1.262,279.1,-1
0.54688,0.57422,1,0.836,120.8,-1
0.44141,0.39062,2,0.926,56.9,-1
0.37109,0.56250,2,1.182,56.2,-1
0.58203,0.67188,2,1.274,169.3,-1
0.53906,0.47266,0,1.254,249.2,-1
0.64062,0.62109,3,0.894,164.9,-1
0.33984,0.44141,3,0.968,57.4,-1
0.32812,0.49609,2,1.208,152.3,-1
0.46484,0.56641,1,0.745,194.5,-1
0.30469,0.53125,2,0.607,285.3,-1
0.63281,0.63281,3,0.749,265.6,-1
0.58984,0.53906,1,1.272,100.4,-1
0.38672,0.56250,1,1.016,271.1,-1
0.59766,0.46484,0,0.916,197.2,-1
0.43750,0.57031,1,1.254,153.0,-1
0.35938,0.61328,2,0.806,23.2,-1
0.45703,0.60938,1,0.734,209.9,-1
0.36719,0.37500,1,0.843,87.5,-1
0.45703,0.58984,1,0.884,357.9,-1
0.60547,0.52734,1,0.848,1.2,-1
0.58984,0.52734,1,1.186,13.1,-1
0.55078,0.64062,1,0.649,213.0,-1
0.32422,0.50781,3,1.146,266.3,-1
0.44531,0.53906,1,0.686,57.1,-1
0.65625,0.60938,2,0.724,125.1,-1
0.39062,0.52344,0,1.016,331.9,-1
0.55078,0.57031,1,0.713,199.9,-1
0.32031,0.53516,3,1.229,202.0,-1
0.43750,0.39062,2,0.903,179.3,-1
0.53516,0.54297,1,0.830,273.1,-1
0.58984,0.53516,1,1.007,2.7,-1
0.36719,0.60938,2,1.190,154.3,-1
0.61719,0.50781,1,1.119,212.8,-1
0.64453,0.54688,1,1.082,325.2,-1
0.44922,0.40234,3,0.822,219.3,-1
0.68750,0.51172,1,0.653,251.7,-1
0.29297,0.46484,1,0.831,310.6,-1
0.57031,0.33984,2,1.250,147.1,-1
0.44922,0.64453,0,0.977,186.2,-1
0.45703,0.62891,1,0.940,225.5,-1
0.43359,0.55078,1,1.042,305.7,-1
0.44141,0.43359,3,1.071,56.0,-1
0.45703,0.67969,2,0.651,195.8,-1
0.43359,0.57422,1,0.692,201.5,-1
0.43359,0.58203,1,1.034,106.6,-1
0.34375,0.42578,2,1.269,337.8,-1
0.44141,0.58203,1,0.921,120.7,-1
0.59766,0.50000,0,0.825,267.2,-1
0.62891,0.52734,1,1.101,52.3,-1
0.67969,0.53125,2,0.920,140.9,-1
0.32422,0.51953,2,0.886,198.7,-1
0.57812,0.46875,0,0.895,223.9,-1
0.61719,0.53125,1,1.153,40.4,-1
0.37500,0.61328,2,1.040,32.5,-1
0.55859,0.54297,1,0.844,254.9,-1
0.48828,0.60156,1,0.664,220.0,-1
0.59375,0.55078,1,1.158,295.9,-1
0.42188,0.34766,1,0.795,185.4,-1
0.31641,0.55469,3,1.142,176.6,-1
0.47656,0.55078,1,0.782,80.7,-1
0.55078,0.54688,1,0.784,146.0,-1
0.54297,0.41797,0,0.616,38.4,-1
0.45703,0.57031,1,1.293,285.0,-1
0.49219,0.54688,1,0.709,81.1,-1
0.57812,0.32422,3,1.095,326.9,-1
0.30078,0.46094,2,0.919,259.7,-1
0.50781,0.60547,1,1.245,309.7,-1
0.53906,0.51953,0,1.014,187.2,-1
0.55469,0.63281,1,1.177,33.4,-1
0.52734,0.42188,0,1.292,330.8,-1
0.43750,0.40234,2,0.869,311.3,-1
0.41406,0.42188,1,0.628,138.4,-1
0.36328,0.61719,3,0.776,5.9,-1
0.41406,0.60938,0,0.644,327.2,-1
0.36719,0.38281,2,0.809,282.9,-1
0.44141,0.39844,3,0.779,93.3,-1
0.51172,0.55469,1,1.289,132.9,-1
0.37891,0.40234,2,0.645,166.3,-1
0.57422,0.54297,1,0.760,103.3,-1
0.55859,0.43750,0,0.814,210.3,-1
0.63672,0.57422,1,0.643,308.4,-1
0.42188,0.46094,2,1.164,53.3,-1
0.58203,0.53906,1,0.685,154.9,-1
0.33203,0.51562,3,0.692,69.4,-1
0.35156,0.60938,2,1.165,4.0,-1
0.42578,0.52344,1,0.685,305.1,-1
0.32422,0.50781,2,0.784,281.9,-1
0.46094,0.40234,2,0.688,278.1,-1
0.45312,0.64062,0,0.879,353.4,-1
0.43359,0.67969,1,1.100,348.9,-1
0.57422,0.49609,1,0.669,119.9,-1
0.36328,0.60938,3,1.297,271.5,-1
0.31641,0.46875,2,1.026,96.1,-1
0.66016,0.57422,1,0.617,138.4,-1
0.63281,0.57031,1,0.855,61.5,-1
0.42188,0.53516,1,0.802,64.1,-1
0.36328,0.60938,3,0.935,149.8,-1
0.42578,0.63672,2,0.678,358.5,-1
0.44141,0.58203,1,0.844,148.4,-1
0.47656,0.60938,1,0.948,354.4,-1
0.53125,0.53906,1,0.986,48.9,-1
0.43750,0.57812,1,0.928,18.1,-1
0.59375,0.55078,1,1.168,351.1,-1
0.40625,0.62109,2,0.997,237.3,-1
0.52734,0.55859,1,1.190,115.5,-1
0.55078,0.32812,2,0.840,324.6,-1
0.58594,0.49219,0,0.915,34.0,-1
0.44922,0.54297,1,1.068,84.6,-1
0.43359,0.46094,3,0.675,30.0,-1
0.43359,0.61328,1,0.778,287.0,-1
0.40234,0.55469,1,1.239,177.7,-1
0.54297,0.64844,0,1.275,78.9,-1
0.43750,0.51953,1,0.971,89.4,-1
0.35938,0.55859,0,1.126,182.5,-1
0.44922,0.59766,1,0.737,89.6,-1
0.44141,0.66797,2,1.270,5.1,-1
0.53125,0.60156,1,1.006,353.3,-1
0.55469,0.55469,1,0.909,20.4,-1
0.33203,0.48828,2,1.223,155.1,-1
0.61719,0.54688,1,1.237,113.5,-1
0.39453,0.37109,1,1.299,208.1,-1
0.43750,0.41406,2,1.011,260.8,-1
0.30469,0.51953,3,1.176,242.6,-1
0.43750,0.41406,2,0.676,25.5,-1
0.56250,0.55078,1,1.293,116.4,-1
0.40625,0.49609,0,1.041,233.8,-1
0.54297,0.50781,1,1.284,105.7,-1
0.66797,0.58984,3,0.659,93.4,-1
0.62500,0.48047,0,0.827,343.1,-1
0.51172,0.55859,1,0.790,243.6,-1
0.54297,0.57031,1,0.908,186.5,-1
0.53516,0.57031,1,0.839,26.5,-1
0.62109,0.52344,1,0.617,140.0,-1
0.41797,0.46094,3,0.935,31.1,-1
0.37109,0.39844,2,1.244,77.0,-1
0.44922,0.60547,1,1.294,308.2,-1
0.43750,0.39062,3,0.836,97.2,-1
0.45703,0.60547,1,1.130,209.4,-1
0.58203,0.53125,1,0.844,18.2,-1
0.55859,0.35547,2,0.648,255.7,-1
0.53125,0.57812,1,1.203,134.7,-1
0.33594,0.57031,2,0.801,214.2,-1
0.32812,0.55469,3,1.079,89.8,-1
0.55859,0.52344,1,0.645,326.0,-1
0.55469,0.35156,2,1.249,152.3,-1
0.64844,0.53516,1,1.087,202.3,-1
0.52344,0.62109,1,0.912,299.4,-1
0.55859,0.49609,1,1.030,52.1,-1
0.58203,0.50000,1,1.048,80.0,-1
0.56250,0.50391,1,0.984,161.6,-1
0.40625,0.66406,2,0.926,8.1,-1
0.47266,0.57812,1,1.021,156.4,-1
0.53906,0.68359,3,1.181,278.2,-1
0.30469,0.53125,2,0.766,83.6,-1
0.52344,0.61719,1,1.295,16.5,-1
0.65234,0.57812,1,1.153,199.9,-1
0.43750,0.50000,0,1.026,161.0,-1
0.30078,0.48828,2,1.069,17.0,-1
0.35156,0.60938,3,1.085,91.9,-1
0.40625,0.57812,2,1.216,50.9,-1
0.45703,0.55078,1,1.018,324.8,-1
0.42969,0.40234,1,0.671,149.8,-1
0.54297,0.35938,2,0.969,252.1,-1
0.64844,0.60547,0,1.187,29.2,-1
0.30078,0.46094,2,0.788,77.1,-1
0.55859,0.67578,3,0.812,46.9,-1
0.40625,0.41016,1,1.288,62.8,-1
0.64453,0.56250,1,1.258,23.8,-1
0.61328,0.47656,0,0.719,28.4,-1
0.36719,0.48438,0,0.732,98.4,-1
0.45703,0.51172,3,0.623,295.2,-1
0.64062,0.41797,2,1.155,29.0,-1
0.44531,0.62891,1,0.800,231.1,-1
0.33203,0.43750,2,0.970,22.4,-1
0.40234,0.45312,3,0.948,222.3,-1
0.31250,0.44922,2,1.226,183.2,-1
0.52734,0.58594,1,1.112,99.7,-1
0.55469,0.53125,1,1.143,145.2,-1
0.48828,0.57812,1,0.855,6.3,-1
0.68359,0.53906,3,1.185,206.8,-1
0.52344,0.51953,0,1.117,14.1,-1
0.38672,0.41016,2,1.012,70.6,-1
0.47266,0.60547,1,0.986,311.4,-1
0.40625,0.54688,1,0.803,149.0,-1
0.30859,0.51562,3,0.918,253.1,-1
0.57031,0.44922,0,0.875,81.4,-1
0.54297,0.35938,2,1.151,46.5,-1
0.45312,0.52734,2,1.005,70.5,-1
0.32812,0.52344,3,0.658,220.4,-1
0.30859,0.54297,3,1.190,61.0,-1
0.44141,0.62891,1,1.177,167.2,-1
0.55469,0.50000,1,0.952,192.7,-1
0.54297,0.58984,1,1.277,131.2,-1
0.57422,0.66797,2,0.618,21.2,-1
0.64453,0.58594,1,1.092,115.6,-1
