x,y,u,v,height,category,type,scale,rotation,region,cluster_id
124,89,0.486328,0.349609,0.6490,trees_sparse,pine_snow_sparse,0.7771,319.50,,-1
75,139,0.294922,0.544922,0.3083,trees_sparse,pine_snow_sparse,1.1079,166.98,,-1
87,128,0.341797,0.501953,0.6520,trees_sparse,pine_snow_sparse,1.0241,133.13,,-1
163,108,0.638672,0.423828,0.6152,trees_sparse,pine_snow_sparse,1.0571,246.16,,-1
100,148,0.392578,0.580078,0.6491,trees_sparse,pine_snow_sparse,0.8721,80.95,,-1
155,103,0.607422,0.404297,0.6885,trees_sparse,pine_snow_sparse,1.0134,187.36,,-1
149,88,0.583984,0.345703,0.6385,trees_sparse,pine_snow_sparse,0.7884,269.68,,-1
93,160,0.365234,0.626953,0.3782,trees_sparse,pine_snow_sparse,1.1075,266.88,,-1
110,156,0.431641,0.611328,0.5783,trees_sparse,pine_snow_sparse,1.0144,76.26,,-1
118,169,0.462891,0.662109,0.7138,trees_sparse,pine_snow_sparse,1.0861,63.73,,-1
90,140,0.353516,0.548828,0.7097,trees_sparse,pine_snow_sparse,0.8143,256.70,,-1
81,121,0.318359,0.474609,0.7125,trees_sparse,pine_snow_sparse,0.9428,135.11,,-1
151,144,0.591797,0.564453,0.7079,trees_sparse,pine_snow_sparse,1.1302,340.10,,-1
140,150,0.548828,0.587891,0.6690,trees_sparse,pine_snow_sparse,0.9903,323.67,,-1
179,135,0.701172,0.529297,0.3647,trees_sparse,pine_snow_sparse,0.7977,39.65,,-1
83,153,0.326172,0.599609,0.3738,trees_sparse,pine_snow_sparse,0.9874,1.52,,-1
133,88,0.521484,0.345703,0.6339,trees_sparse,pine_snow_sparse,0.9872,132.82,,-1
81,100,0.318359,0.392578,0.5967,trees_sparse,pine_snow_sparse,0.8564,344.67,,-1
137,106,0.537109,0.416016,0.7182,trees_sparse,pine_snow_sparse,1.0995,67.81,,-1
83,114,0.326172,0.447266,0.6330,trees_sparse,pine_snow_sparse,1.0345,95.22,,-1
115,179,0.451172,0.701172,0.3103,trees_sparse,pine_snow_sparse,0.9590,331.31,,-1
171,149,0.669922,0.583984,0.3593,trees_sparse,pine_snow_sparse,0.7518,254.19,,-1
146,114,0.572266,0.447266,0.7194,trees_sparse,pine_snow_sparse,1.0221,347.62,,-1
75,112,0.294922,0.439453,0.3946,trees_sparse,pine_snow_sparse,0.7857,226.99,,-1
79,93,0.310547,0.365234,0.3562,trees_sparse,pine_snow_sparse,1.0863,232.75,,-1
173,108,0.677734,0.423828,0.2797,trees_sparse,pine_snow_sparse,1.0678,42.34,,-1
123,183,0.482422,0.716797,0.2845,trees_sparse,pine_snow_sparse,1.0233,228.18,,-1
143,89,0.560547,0.349609,0.6811,trees_sparse,pine_snow_sparse,1.0441,84.61,,-1
84,137,0.330078,0.537109,0.6067,trees_sparse,pine_snow_sparse,1.0175,58.96,,-1
71,127,0.279297,0.498047,0.2772,trees_sparse,pine_snow_sparse,1.0057,317.32,,-1
113,115,0.443359,0.451172,0.6913,trees_sparse,pine_snow_sparse,0.8620,330.80,,-1
136,160,0.533203,0.626953,0.6089,trees_sparse,pine_snow_sparse,1.0776,343.75,,-1
112,149,0.439453,0.583984,0.7006,trees_sparse,pine_snow_sparse,0.9018,324.39,,-1
100,161,0.392578,0.630859,0.5483,trees_sparse,pine_snow_sparse,1.0519,17.43,,-1
71,102,0.279297,0.400391,0.2939,trees_sparse,pine_snow_sparse,0.7784,100.33,,-1
151,174,0.591797,0.681641,0.3023,trees_sparse,pine_snow_sparse,0.9844,65.19,,-1
94,148,0.369141,0.580078,0.5408,trees_sparse,pine_snow_sparse,1.0894,100.05,,-1
99,141,0.388672,0.552734,0.6957,trees_sparse,pine_snow_sparse,0.9803,135.28,,-1
79,145,0.310547,0.568359,0.4106,trees_sparse,pine_snow_sparse,0.8345,219.49,,-1
172,137,0.673828,0.537109,0.6404,trees_sparse,pine_snow_sparse,0.7834,354.12,,-1
129,183,0.505859,0.716797,0.3264,trees_sparse,pine_snow_sparse,1.1249,6.46,,-1
106,144,0.416016,0.564453,0.7172,trees_sparse,pine_snow_sparse,0.7614,26.91,,-1
179,142,0.701172,0.556641,0.2854,trees_sparse,pine_snow_sparse,0.8743,291.85,,-1
99,170,0.388672,0.666016,0.2881,trees_sparse,pine_snow_sparse,1.0921,229.31,,-1
81,107,0.318359,0.419922,0.6280,trees_sparse,pine_snow_sparse,1.0011,241.96,,-1
115,91,0.451172,0.357422,0.7095,trees_sparse,pine_snow_sparse,0.9678,330.69,,-1
76,132,0.298828,0.517578,0.3962,trees_sparse,pine_snow_sparse,1.0949,119.53,,-1
162,146,0.634766,0.572266,0.7181,trees_sparse,pine_snow_sparse,0.8719,308.78,,-1
148,106,0.580078,0.416016,0.7198,trees_sparse,pine_snow_sparse,1.0352,191.69,,-1
145,165,0.568359,0.646484,0.5905,trees_sparse,pine_snow_sparse,1.0918,246.05,,-1
94,97,0.369141,0.380859,0.7052,trees_sparse,pine_snow_sparse,0.8968,136.27,,-1
125,95,0.490234,0.373047,0.7185,trees_sparse,pine_snow_sparse,1.0987,40.83,,-1
93,132,0.365234,0.517578,0.7097,trees_sparse,pine_snow_sparse,0.8060,303.49,,-1
122,176,0.478516,0.689453,0.6859,trees_sparse,pine_snow_sparse,0.7718,295.05,,-1
133,153,0.521484,0.599609,0.7132,trees_sparse,pine_snow_sparse,1.0935,10.48,,-1
85,145,0.333984,0.568359,0.5604,trees_sparse,pine_snow_sparse,1.1233,290.29,,-1
126,72,0.494141,0.283203,0.2814,trees_sparse,pine_snow_sparse,0.9536,130.57,north_taiga,-1
148,77,0.580078,0.302734,0.2767,trees_sparse,pine_snow_sparse,0.9472,123.77,north_taiga,-1
138,76,0.541016,0.298828,0.3367,trees_sparse,pine_snow_sparse,0.8065,156.12,north_taiga,-1
105,83,0.412109,0.326172,0.6994,trees_sparse,pine_snow_sparse,1.0865,333.24,north_taiga,-1
97,74,0.380859,0.291016,0.2823,trees_sparse,pine_snow_sparse,0.8130,296.88,north_taiga,-1
138,85,0.541016,0.333984,0.6387,trees_sparse,pine_snow_sparse,0.9642,139.20,north_taiga,-1
148,86,0.580078,0.337891,0.6111,trees_sparse,pine_snow_sparse,1.1273,107.08,north_taiga,-1
156,81,0.611328,0.318359,0.2802,trees_sparse,pine_snow_sparse,1.1233,247.22,north_taiga,-1
105,73,0.412109,0.287109,0.3022,trees_sparse,pine_snow_sparse,1.0003,62.85,north_taiga,-1
112,76,0.439453,0.298828,0.3762,trees_sparse,pine_snow_sparse,1.0943,152.17,north_taiga,-1
131,77,0.513672,0.302734,0.4186,trees_sparse,pine_snow_sparse,0.8492,174.67,north_taiga,-1
112,84,0.439453,0.330078,0.6661,trees_sparse,pine_snow_sparse,1.0029,163.38,north_taiga,-1
129,86,0.505859,0.337891,0.6146,trees_sparse,pine_snow_sparse,1.0366,309.53,north_taiga,-1
98,82,0.384766,0.322266,0.6083,trees_sparse,pine_snow_sparse,1.0571,215.80,north_taiga,-1
123,94,0.482422,0.369141,0.7131,trees_dense,pine_snow_dense,1.3288,143.35,,0
125,92,0.490234,0.361328,0.6750,trees_dense,pine_snow_dense,0.8370,277.54,,0
129,90,0.505859,0.353516,0.6710,trees_dense,pine_snow_dense,0.9220,356.80,,0
123,93,0.482422,0.365234,0.7103,trees_dense,pine_snow_dense,0.9454,351.51,,0
124,93,0.486328,0.365234,0.6947,trees_dense,pine_snow_dense,1.3348,91.45,,0
123,89,0.482422,0.349609,0.6794,trees_dense,pine_snow_dense,0.8830,160.20,,0
125,93,0.490234,0.365234,0.6865,trees_dense,pine_snow_dense,1.1071,26.71,,0
123,90,0.482422,0.353516,0.6911,trees_dense,pine_snow_dense,1.0412,90.67,,0
126,92,0.494141,0.361328,0.6758,trees_dense,pine_snow_dense,1.1422,317.60,,0
124,94,0.486328,0.369141,0.7057,trees_dense,pine_snow_dense,1.0107,286.71,,0
127,92,0.498047,0.361328,0.6829,trees_dense,pine_snow_dense,1.1769,352.90,,0
124,91,0.486328,0.357422,0.6845,trees_dense,pine_snow_dense,1.2679,239.55,,0
125,91,0.490234,0.357422,0.6802,trees_dense,pine_snow_dense,1.3274,324.99,,0
121,90,0.474609,0.353516,0.7057,trees_dense,pine_snow_dense,1.1469,214.55,,0
124,92,0.486328,0.361328,0.6840,trees_dense,pine_snow_dense,1.1077,335.51,,0
121,92,0.474609,0.361328,0.7109,trees_dense,pine_snow_dense,1.1821,232.48,,0
127,93,0.498047,0.365234,0.6955,trees_dense,pine_snow_dense,1.2748,128.46,,0
123,92,0.482422,0.361328,0.7025,trees_dense,pine_snow_dense,1.3003,101.35,,0
118,89,0.462891,0.349609,0.7110,trees_dense,pine_snow_dense,0.9311,31.64,,0
131,89,0.513672,0.349609,0.6547,trees_dense,pine_snow_dense,1.2048,338.29,,0
127,94,0.498047,0.369141,0.7130,trees_dense,pine_snow_dense,1.1927,6.53,,0
127,91,0.498047,0.357422,0.6845,trees_dense,pine_snow_dense,1.2987,7.52,,0
129,91,0.505859,0.357422,0.6907,trees_dense,pine_snow_dense,1.0255,145.94,,0
89,136,0.349609,0.533203,0.6872,trees_dense,pine_snow_dense,1.1866,247.51,,1
84,142,0.330078,0.556641,0.5981,trees_dense,pine_snow_dense,0.9835,94.16,,1
90,134,0.353516,0.525391,0.7180,trees_dense,pine_snow_dense,1.0137,318.66,,1
90,136,0.353516,0.533203,0.6986,trees_dense,pine_snow_dense,1.0031,34.28,,1
87,139,0.341797,0.544922,0.6581,trees_dense,pine_snow_dense,1.1955,179.46,,1
84,138,0.330078,0.541016,0.6345,trees_dense,pine_snow_dense,1.0390,351.83,,1
86,137,0.337891,0.537109,0.6425,trees_dense,pine_snow_dense,0.8222,138.95,,1
85,137,0.333984,0.537109,0.6383,trees_dense,pine_snow_dense,0.9300,150.49,,1
86,133,0.337891,0.521484,0.5807,trees_dense,pine_snow_dense,1.1916,156.65,,1
89,134,0.349609,0.525391,0.6881,trees_dense,pine_snow_dense,1.0135,336.69,,1
85,139,0.333984,0.544922,0.6267,trees_dense,pine_snow_dense,0.8254,20.93,,1
88,137,0.345703,0.537109,0.6613,trees_dense,pine_snow_dense,0.8389,81.56,,1
91,139,0.357422,0.544922,0.6990,trees_dense,pine_snow_dense,1.2150,155.46,,1
89,139,0.349609,0.544922,0.6799,trees_dense,pine_snow_dense,1.0180,4.95,,1
87,135,0.341797,0.529297,0.6625,trees_dense,pine_snow_dense,0.9866,68.15,,1
89,127,0.349609,0.498047,0.6960,trees_dense,pine_snow_dense,0.9227,210.46,,1
87,133,0.341797,0.521484,0.6042,trees_dense,pine_snow_dense,0.8794,175.38,,1
87,134,0.341797,0.525391,0.6278,trees_dense,pine_snow_dense,1.1302,135.99,,1
83,135,0.326172,0.529297,0.5226,trees_dense,pine_snow_dense,1.2332,179.46,,1
87,136,0.341797,0.533203,0.6678,trees_dense,pine_snow_dense,1.0301,343.37,,1
86,135,0.337891,0.529297,0.6241,trees_dense,pine_snow_dense,0.9216,148.65,,1
87,137,0.341797,0.537109,0.6524,trees_dense,pine_snow_dense,0.8988,194.81,,1
88,138,0.345703,0.541016,0.6602,trees_dense,pine_snow_dense,0.8561,209.51,,1
88,133,0.345703,0.521484,0.6308,trees_dense,pine_snow_dense,1.2145,323.21,,1
85,134,0.333984,0.525391,0.5684,trees_dense,pine_snow_dense,1.0315,267.36,,1
77,130,0.302734,0.509766,0.4159,trees_dense,pine_snow_dense,1.2508,189.04,,2
76,127,0.298828,0.498047,0.4250,trees_dense,pine_snow_dense,0.9459,28.63,,2
80,129,0.314453,0.505859,0.5352,trees_dense,pine_snow_dense,1.1994,349.33,,2
81,130,0.318359,0.509766,0.5253,trees_dense,pine_snow_dense,0.9362,148.66,,2
84,132,0.330078,0.517578,0.5529,trees_dense,pine_snow_dense,1.0780,272.85,,2
76,131,0.298828,0.513672,0.3954,trees_dense,pine_snow_dense,0.8814,290.85,,2
76,130,0.298828,0.509766,0.4106,trees_dense,pine_snow_dense,1.2457,2.75,,2
77,127,0.302734,0.498047,0.4558,trees_dense,pine_snow_dense,1.2627,318.40,,2
81,131,0.318359,0.513672,0.5060,trees_dense,pine_snow_dense,0.9039,265.39,,2
80,130,0.314453,0.509766,0.4931,trees_dense,pine_snow_dense,1.0275,80.82,,2
86,132,0.337891,0.517578,0.5753,trees_dense,pine_snow_dense,0.8834,57.29,,2
89,130,0.349609,0.509766,0.6475,trees_dense,pine_snow_dense,0.9868,139.02,,2
81,124,0.318359,0.486328,0.6752,trees_dense,pine_snow_dense,1.3179,134.30,,2
77,126,0.302734,0.494141,0.4807,trees_dense,pine_snow_dense,0.9944,346.63,,2
79,129,0.310547,0.505859,0.5012,trees_dense,pine_snow_dense,1.2045,218.89,,2
84,131,0.330078,0.513672,0.5641,trees_dense,pine_snow_dense,1.0407,277.00,,2
86,131,0.337891,0.513672,0.5798,trees_dense,pine_snow_dense,1.2428,292.15,,2
81,126,0.318359,0.494141,0.5756,trees_dense,pine_snow_dense,1.0267,273.68,,2
79,133,0.310547,0.521484,0.4616,trees_dense,pine_snow_dense,0.9733,287.07,,2
82,130,0.322266,0.509766,0.5557,trees_dense,pine_snow_dense,0.8554,165.19,,2
83,130,0.326172,0.509766,0.5792,trees_dense,pine_snow_dense,0.9244,22.92,,2
80,132,0.314453,0.517578,0.4744,trees_dense,pine_snow_dense,0.8016,22.85,,2
81,129,0.318359,0.505859,0.5462,trees_dense,pine_snow_dense,0.8298,260.29,,2
82,124,0.322266,0.486328,0.6839,trees_dense,pine_snow_dense,0.8342,0.13,,2
81,127,0.318359,0.498047,0.5481,trees_dense,pine_snow_dense,1.0419,166.73,,2
149,105,0.583984,0.412109,0.7060,trees_dense,pine_snow_dense,0.9450,186.67,,3
146,113,0.572266,0.443359,0.7176,trees_dense,pine_snow_dense,0.9036,189.50,,3
142,113,0.556641,0.443359,0.7022,trees_dense,pine_snow_dense,0.8150,234.36,,3
145,113,0.568359,0.443359,0.7031,trees_dense,pine_snow_dense,0.8667,135.22,,3
143,113,0.560547,0.443359,0.6975,trees_dense,pine_snow_dense,1.1654,61.01,,3
144,113,0.564453,0.443359,0.6970,trees_dense,pine_snow_dense,1.1023,65.00,,3
143,115,0.560547,0.451172,0.7191,trees_dense,pine_snow_dense,1.0976,350.09,,3
143,114,0.560547,0.447266,0.7005,trees_dense,pine_snow_dense,1.0338,229.79,,3
138,109,0.541016,0.427734,0.7182,trees_dense,pine_snow_dense,0.8788,38.68,,3
144,115,0.564453,0.451172,0.7183,trees_dense,pine_snow_dense,0.9544,85.09,,3
145,112,0.568359,0.439453,0.7138,trees_dense,pine_snow_dense,1.2394,69.11,,3
144,114,0.564453,0.447266,0.7001,trees_dense,pine_snow_dense,1.3110,35.19,,3
149,107,0.583984,0.419922,0.7154,trees_dense,pine_snow_dense,0.9469,6.90,,3
141,113,0.552734,0.443359,0.7129,trees_dense,pine_snow_dense,0.8447,338.84,,3
144,112,0.564453,0.439453,0.7074,trees_dense,pine_snow_dense,0.9300,254.01,,3
142,114,0.556641,0.447266,0.7034,trees_dense,pine_snow_dense,1.3093,27.01,,3
145,114,0.568359,0.447266,0.7052,trees_dense,pine_snow_dense,1.1079,331.10,,3
150,107,0.587891,0.419922,0.7087,trees_dense,pine_snow_dense,1.1675,352.23,,3
139,107,0.544922,0.419922,0.7178,trees_dense,pine_snow_dense,1.2500,132.08,,3
143,112,0.560547,0.439453,0.7102,trees_dense,pine_snow_dense,1.2979,181.54,,3
141,114,0.552734,0.447266,0.7109,trees_dense,pine_snow_dense,1.1261,134.99,,3
151,106,0.591797,0.416016,0.6906,trees_dense,pine_snow_dense,1.1119,76.21,,3
137,107,0.537109,0.419922,0.7131,trees_dense,pine_snow_dense,0.8386,234.76,,3
138,108,0.541016,0.423828,0.7125,trees_dense,pine_snow_dense,1.2326,304.64,,3
139,108,0.544922,0.423828,0.7163,trees_dense,pine_snow_dense,1.0949,334.57,,3
150,103,0.587891,0.404297,0.7022,trees_dense,pine_snow_dense,1.2913,47.40,,3
151,108,0.591797,0.423828,0.7168,trees_dense,pine_snow_dense,1.1370,177.69,,3
137,109,0.537109,0.427734,0.7153,trees_dense,pine_snow_dense,1.1916,202.69,,3
155,108,0.607422,0.423828,0.7165,trees_dense,pine_snow_dense,1.0440,51.07,,3
149,106,0.583984,0.416016,0.7067,trees_dense,pine_snow_dense,1.2670,14.82,,3
151,107,0.591797,0.419922,0.6999,trees_dense,pine_snow_dense,0.9823,312.19,,3
78,142,0.306641,0.556641,0.4042,trees_dense,pine_snow_dense,0.8276,355.32,,4
80,141,0.314453,0.552734,0.4332,trees_dense,pine_snow_dense,1.1006,297.65,,4
76,142,0.298828,0.556641,0.3390,trees_dense,pine_snow_dense,1.0338,344.37,,4
78,139,0.306641,0.544922,0.3894,trees_dense,pine_snow_dense,1.2933,71.42,,4
75,140,0.294922,0.548828,0.2946,trees_dense,pine_snow_dense,1.1499,348.24,,4
78,138,0.306641,0.541016,0.4030,trees_dense,pine_snow_dense,1.0928,247.67,,4
75,142,0.294922,0.556641,0.2839,trees_dense,pine_snow_dense,1.1441,16.92,,4
75,137,0.294922,0.537109,0.3422,trees_dense,pine_snow_dense,0.9577,209.87,,4
79,138,0.310547,0.541016,0.4287,trees_dense,pine_snow_dense,0.8419,302.25,,4
76,139,0.298828,0.544922,0.3474,trees_dense,pine_snow_dense,1.1255,52.80,,4
76,144,0.298828,0.564453,0.2794,trees_dense,pine_snow_dense,0.9255,195.44,,4
80,138,0.314453,0.541016,0.4598,trees_dense,pine_snow_dense,0.8470,209.20,,4
79,142,0.310547,0.556641,0.4203,trees_dense,pine_snow_dense,1.0735,3.45,,4
82,142,0.322266,0.556641,0.5407,trees_dense,pine_snow_dense,1.1663,163.86,,4
76,138,0.298828,0.541016,0.3604,trees_dense,pine_snow_dense,0.9711,91.12,,4
79,141,0.310547,0.552734,0.4043,trees_dense,pine_snow_dense,1.1379,5.47,,4
82,139,0.322266,0.544922,0.5114,trees_dense,pine_snow_dense,1.0863,189.42,,4
174,111,0.681641,0.435547,0.2765,trees_dense,pine_snow_dense,1.0786,76.66,,5
173,111,0.677734,0.435547,0.3129,trees_dense,pine_snow_dense,0.9737,118.67,,5
165,112,0.646484,0.439453,0.7173,trees_dense,pine_snow_dense,1.2324,79.97,,5
168,112,0.658203,0.439453,0.5819,trees_dense,pine_snow_dense,1.0481,33.11,,5
172,111,0.673828,0.435547,0.3530,trees_dense,pine_snow_dense,1.2648,128.28,,5
172,108,0.673828,0.423828,0.3230,trees_dense,pine_snow_dense,0.9896,308.70,,5
170,110,0.666016,0.431641,0.4303,trees_dense,pine_snow_dense,0.9497,184.38,,5
173,110,0.677734,0.431641,0.2947,trees_dense,pine_snow_dense,1.2710,203.30,,5
171,106,0.669922,0.416016,0.3522,trees_dense,pine_snow_dense,0.9806,310.31,,5
173,109,0.677734,0.427734,0.2860,trees_dense,pine_snow_dense,1.0563,197.05,,5
171,108,0.669922,0.423828,0.3622,trees_dense,pine_snow_dense,1.2711,340.07,,5
170,109,0.666016,0.427734,0.4117,trees_dense,pine_snow_dense,0.9880,200.63,,5
167,109,0.654297,0.427734,0.5592,trees_dense,pine_snow_dense,0.8555,83.83,,5
172,109,0.673828,0.427734,0.3278,trees_dense,pine_snow_dense,0.8351,281.94,,5
168,109,0.658203,0.427734,0.5043,trees_dense,pine_snow_dense,1.1829,132.86,,5
172,107,0.673828,0.419922,0.3105,trees_dense,pine_snow_dense,0.8350,6.15,,5
162,109,0.634766,0.427734,0.6407,trees_dense,pine_snow_dense,0.8519,326.52,,5
171,110,0.669922,0.431641,0.3846,trees_dense,pine_snow_dense,1.1157,45.16,,5
170,107,0.666016,0.419922,0.3978,trees_dense,pine_snow_dense,1.2139,359.42,,5
169,110,0.662109,0.431641,0.4727,trees_dense,pine_snow_dense,1.1903,310.33,,5
171,111,0.669922,0.435547,0.3985,trees_dense,pine_snow_dense,1.1904,340.90,,5
171,109,0.669922,0.427734,0.3724,trees_dense,pine_snow_dense,0.9478,212.21,,5
164,111,0.642578,0.435547,0.6834,trees_dense,pine_snow_dense,1.0105,143.99,,5
172,105,0.673828,0.412109,0.2830,trees_dense,pine_snow_dense,0.8133,28.13,,5
174,112,0.681641,0.439453,0.2771,trees_dense,pine_snow_dense,0.8977,200.42,,5
169,109,0.662109,0.427734,0.4553,trees_dense,pine_snow_dense,1.1827,236.49,,5
170,108,0.666016,0.423828,0.4016,trees_dense,pine_snow_dense,1.0263,112.39,,5
172,110,0.673828,0.431641,0.3366,trees_dense,pine_snow_dense,1.2807,337.69,,5
172,106,0.673828,0.416016,0.2941,trees_dense,pine_snow_dense,1.3459,244.10,,5
169,108,0.662109,0.423828,0.4472,trees_dense,pine_snow_dense,0.9139,2.23,,5
171,107,0.669922,0.419922,0.3579,trees_dense,pine_snow_dense,1.1188,60.91,,5
172,104,0.673828,0.408203,0.2736,trees_dense,pine_snow_dense,1.2270,300.79,,5
171,105,0.669922,0.412109,0.3435,trees_dense,pine_snow_dense,1.3152,7.79,,5
166,108,0.650391,0.423828,0.5851,trees_dense,pine_snow_dense,0.8418,333.96,,5
169,111,0.662109,0.435547,0.5005,trees_dense,pine_snow_dense,1.0311,31.84,,5
153,91,0.599609,0.357422,0.6921,trees_dense,pine_snow_dense,0.9702,60.79,,6
154,90,0.603516,0.353516,0.6310,trees_dense,pine_snow_dense,0.9284,203.30,,6
147,89,0.576172,0.349609,0.6734,trees_dense,pine_snow_dense,1.0884,359.53,,6
151,88,0.591797,0.345703,0.6024,trees_dense,pine_snow_dense,0.8010,41.50,,6
153,89,0.599609,0.349609,0.6077,trees_dense,pine_snow_dense,1.3266,25.84,,6
148,89,0.580078,0.349609,0.7009,trees_dense,pine_snow_dense,1.2287,50.41,,6
155,87,0.607422,0.341797,0.5028,trees_dense,pine_snow_dense,0.9098,104.74,,6
150,89,0.587891,0.349609,0.6433,trees_dense,pine_snow_dense,0.8816,301.75,,6
148,87,0.580078,0.341797,0.6454,trees_dense,pine_snow_dense,0.9774,219.01,,6
154,87,0.603516,0.341797,0.5244,trees_dense,pine_snow_dense,0.9708,232.49,,6
152,91,0.595703,0.357422,0.6990,trees_dense,pine_snow_dense,1.2544,64.50,,6
149,90,0.583984,0.353516,0.6906,trees_dense,pine_snow_dense,0.9280,325.23,,6
151,89,0.591797,0.349609,0.6327,trees_dense,pine_snow_dense,1.2640,278.98,,6
151,90,0.591797,0.353516,0.6669,trees_dense,pine_snow_dense,1.1851,112.35,,6
151,91,0.591797,0.357422,0.7042,trees_dense,pine_snow_dense,0.9554,230.52,,6
149,87,0.583984,0.341797,0.6141,trees_dense,pine_snow_dense,1.0725,172.49,,6
83,100,0.326172,0.392578,0.7023,trees_dense,pine_snow_dense,0.8663,329.45,,7
80,100,0.314453,0.392578,0.5570,trees_dense,pine_snow_dense,1.2254,216.21,,7
85,98,0.333984,0.384766,0.6829,trees_dense,pine_snow_dense,0.9211,123.29,,7
76,97,0.298828,0.380859,0.3270,trees_dense,pine_snow_dense,1.1844,82.46,,7
79,103,0.310547,0.404297,0.5280,trees_dense,pine_snow_dense,1.0794,191.55,,7
74,100,0.291016,0.392578,0.3625,trees_dense,pine_snow_dense,1.2016,322.46,,7
82,99,0.322266,0.388672,0.6204,trees_dense,pine_snow_dense,1.2207,0.02,,7
77,98,0.302734,0.384766,0.3746,trees_dense,pine_snow_dense,1.0872,53.74,,7
80,105,0.314453,0.412109,0.6245,trees_dense,pine_snow_dense,0.9228,60.65,,7
81,96,0.318359,0.376953,0.5104,trees_dense,pine_snow_dense,1.0685,115.45,,7
78,101,0.306641,0.396484,0.4861,trees_dense,pine_snow_dense,1.0996,63.34,,7
81,97,0.318359,0.380859,0.5248,trees_dense,pine_snow_dense,0.9045,131.22,,7
84,98,0.330078,0.384766,0.6846,trees_dense,pine_snow_dense,0.8895,150.56,,7
79,98,0.310547,0.384766,0.4463,trees_dense,pine_snow_dense,1.1336,42.82,,7
79,99,0.310547,0.388672,0.4750,trees_dense,pine_snow_dense,1.1814,151.79,,7
86,99,0.337891,0.388672,0.7164,trees_dense,pine_snow_dense,1.0081,334.06,,7
78,102,0.306641,0.400391,0.4864,trees_dense,pine_snow_dense,1.2670,291.90,,7
79,97,0.310547,0.380859,0.4255,trees_dense,pine_snow_dense,1.3381,352.45,,7
77,101,0.302734,0.396484,0.4548,trees_dense,pine_snow_dense,0.8078,322.30,,7
75,105,0.294922,0.412109,0.4291,trees_dense,pine_snow_dense,1.0367,30.51,,7
81,105,0.318359,0.412109,0.6730,trees_dense,pine_snow_dense,1.2455,97.48,,7
79,95,0.310547,0.373047,0.3897,trees_dense,pine_snow_dense,0.8652,216.22,,7
72,101,0.283203,0.396484,0.3234,trees_dense,pine_snow_dense,0.8942,263.41,,7
82,102,0.322266,0.400391,0.6996,trees_dense,pine_snow_dense,1.1347,227.91,,7
74,98,0.291016,0.384766,0.3192,trees_dense,pine_snow_dense,1.1845,156.00,,7
74,101,0.291016,0.396484,0.3833,trees_dense,pine_snow_dense,1.0126,333.66,,7
78,94,0.306641,0.369141,0.3279,trees_dense,pine_snow_dense,1.1899,357.14,,7
81,101,0.318359,0.396484,0.6382,trees_dense,pine_snow_dense,1.3477,269.68,,7
81,102,0.318359,0.400391,0.6568,trees_dense,pine_snow_dense,1.0804,208.23,,7
80,96,0.314453,0.376953,0.4550,trees_dense,pine_snow_dense,0.9349,112.47,,7
78,100,0.306641,0.392578,0.4868,trees_dense,pine_snow_dense,0.8761,125.18,,7
79,101,0.310547,0.396484,0.5287,trees_dense,pine_snow_dense,1.2281,297.93,,7
80,115,0.314453,0.451172,0.5325,trees_dense,pine_snow_dense,0.9018,163.00,,8
83,111,0.326172,0.435547,0.6340,trees_dense,pine_snow_dense,0.8556,244.30,,8
78,109,0.306641,0.427734,0.4453,trees_dense,pine_snow_dense,0.9942,121.06,,8
81,115,0.318359,0.451172,0.6005,trees_dense,pine_snow_dense,0.9104,155.21,,8
80,109,0.314453,0.427734,0.5270,trees_dense,pine_snow_dense,1.0457,328.14,,8
83,112,0.326172,0.439453,0.6308,trees_dense,pine_snow_dense,0.9541,45.27,,8
81,116,0.318359,0.455078,0.6160,trees_dense,pine_snow_dense,1.0163,173.32,,8
84,113,0.330078,0.443359,0.6739,trees_dense,pine_snow_dense,0.9123,103.13,,8
79,111,0.310547,0.435547,0.4746,trees_dense,pine_snow_dense,0.9363,178.73,,8
76,115,0.298828,0.451172,0.3962,trees_dense,pine_snow_dense,1.0417,254.00,,8
82,112,0.322266,0.439453,0.5980,trees_dense,pine_snow_dense,1.1702,177.84,,8
83,118,0.326172,0.462891,0.6892,trees_dense,pine_snow_dense,0.8136,331.64,,8
84,112,0.330078,0.439453,0.6763,trees_dense,pine_snow_dense,1.3437,117.02,,8
84,114,0.330078,0.447266,0.6760,trees_dense,pine_snow_dense,1.1026,2.99,,8
77,111,0.302734,0.435547,0.4220,trees_dense,pine_snow_dense,1.0708,172.27,,8
77,113,0.302734,0.443359,0.4237,trees_dense,pine_snow_dense,1.1098,358.66,,8
78,114,0.306641,0.447266,0.4477,trees_dense,pine_snow_dense,1.2570,181.95,,8
84,115,0.330078,0.451172,0.6819,trees_dense,pine_snow_dense,0.9579,168.39,,8
83,113,0.326172,0.443359,0.6300,trees_dense,pine_snow_dense,0.9262,248.11,,8
80,110,0.314453,0.431641,0.5222,trees_dense,pine_snow_dense,1.1968,155.66,,8
77,109,0.302734,0.427734,0.4196,trees_dense,pine_snow_dense,0.9045,202.84,,8
84,111,0.330078,0.435547,0.6816,trees_dense,pine_snow_dense,1.1117,296.42,,8
79,109,0.310547,0.427734,0.4786,trees_dense,pine_snow_dense,1.2096,240.20,,8
80,111,0.314453,0.435547,0.5215,trees_dense,pine_snow_dense,1.2253,273.53,,8
82,118,0.322266,0.462891,0.6691,trees_dense,pine_snow_dense,1.1992,51.61,,8
137,90,0.537109,0.353516,0.7078,trees_dense,pine_snow_dense,1.1139,273.53,,9
139,90,0.544922,0.353516,0.7151,trees_dense,pine_snow_dense,1.0304,240.25,,9
140,90,0.548828,0.353516,0.7055,trees_dense,pine_snow_dense,1.0192,224.33,,9
132,90,0.517578,0.353516,0.6694,trees_dense,pine_snow_dense,1.2232,45.13,,9
134,87,0.525391,0.341797,0.6176,trees_dense,pine_snow_dense,1.3033,296.18,,9
140,87,0.548828,0.341797,0.6581,trees_dense,pine_snow_dense,1.3122,337.69,,9
133,92,0.521484,0.361328,0.6999,trees_dense,pine_snow_dense,0.8857,180.66,,9
134,93,0.525391,0.365234,0.7154,trees_dense,pine_snow_dense,1.1053,280.42,,9
135,88,0.529297,0.345703,0.6349,trees_dense,pine_snow_dense,1.0381,229.66,,9
134,89,0.525391,0.349609,0.6463,trees_dense,pine_snow_dense,1.2588,326.05,,9
135,90,0.529297,0.353516,0.6624,trees_dense,pine_snow_dense,1.1957,195.83,,9
136,87,0.533203,0.341797,0.6348,trees_dense,pine_snow_dense,1.0928,152.62,,9
138,89,0.541016,0.349609,0.6917,trees_dense,pine_snow_dense,1.1381,168.58,,9
132,89,0.517578,0.349609,0.6524,trees_dense,pine_snow_dense,1.1253,176.61,,9
132,92,0.517578,0.361328,0.7084,trees_dense,pine_snow_dense,1.1662,224.64,,9
135,93,0.529297,0.365234,0.7160,trees_dense,pine_snow_dense,0.8429,240.54,,9
136,88,0.533203,0.345703,0.6477,trees_dense,pine_snow_dense,0.8083,221.07,,9
136,91,0.533203,0.357422,0.6911,trees_dense,pine_snow_dense,1.1304,351.88,,9
137,87,0.537109,0.341797,0.6583,trees_dense,pine_snow_dense,0.9922,121.45,,9
139,88,0.544922,0.345703,0.6831,trees_dense,pine_snow_dense,1.1810,278.23,,9
136,90,0.533203,0.353516,0.6769,trees_dense,pine_snow_dense,0.9355,338.71,,9
141,89,0.552734,0.349609,0.6727,trees_dense,pine_snow_dense,1.0665,316.03,,9
136,89,0.533203,0.349609,0.6632,trees_dense,pine_snow_dense,0.8665,298.66,,9
137,88,0.537109,0.345703,0.6755,trees_dense,pine_snow_dense,1.0011,334.33,,9
133,89,0.521484,0.349609,0.6491,trees_dense,pine_snow_dense,1.1353,92.21,,9
164,108,0.642578,0.423828,0.6003,trees_dense,pine_snow_dense,1.0232,292.18,,10
159,104,0.623047,0.408203,0.6192,trees_dense,pine_snow_dense,0.9235,41.64,,10
167,108,0.654297,0.423828,0.5582,trees_dense,pine_snow_dense,1.3474,136.02,,10
163,107,0.638672,0.419922,0.5883,trees_dense,pine_snow_dense,1.0640,340.13,,10
163,105,0.638672,0.412109,0.5681,trees_dense,pine_snow_dense,1.1404,210.80,,10
158,103,0.619141,0.404297,0.6703,trees_dense,pine_snow_dense,0.9154,75.48,,10
158,107,0.619141,0.419922,0.6466,trees_dense,pine_snow_dense,0.8345,272.63,,10
162,106,0.634766,0.416016,0.5959,trees_dense,pine_snow_dense,1.2742,152.09,,10
166,112,0.650391,0.439453,0.6754,trees_dense,pine_snow_dense,1.1258,351.63,,10
155,101,0.607422,0.396484,0.7188,trees_dense,pine_snow_dense,1.0217,331.35,,10
154,108,0.603516,0.423828,0.7023,trees_dense,pine_snow_dense,1.0604,314.95,,10
161,107,0.630859,0.419922,0.6029,trees_dense,pine_snow_dense,1.0308,45.88,,10
160,106,0.626953,0.416016,0.5944,trees_dense,pine_snow_dense,0.8844,325.58,,10
157,103,0.615234,0.404297,0.7158,trees_dense,pine_snow_dense,0.8848,113.86,,10
160,108,0.626953,0.423828,0.6302,trees_dense,pine_snow_dense,1.1934,338.67,,10
162,107,0.634766,0.419922,0.6077,trees_dense,pine_snow_dense,0.9505,121.28,,10
162,104,0.634766,0.408203,0.5849,trees_dense,pine_snow_dense,0.9166,150.12,,10
160,107,0.626953,0.419922,0.6069,trees_dense,pine_snow_dense,1.1518,278.42,,10
154,104,0.603516,0.408203,0.6723,trees_dense,pine_snow_dense,1.0953,60.92,,10
159,105,0.623047,0.412109,0.6109,trees_dense,pine_snow_dense,1.0377,254.22,,10
163,110,0.638672,0.431641,0.6556,trees_dense,pine_snow_dense,0.8310,147.94,,10
159,107,0.623047,0.419922,0.6210,trees_dense,pine_snow_dense,0.9743,46.13,,10
161,106,0.630859,0.416016,0.5890,trees_dense,pine_snow_dense,1.1316,68.47,,10
154,103,0.603516,0.404297,0.6839,trees_dense,pine_snow_dense,1.0607,245.92,,10
158,106,0.619141,0.416016,0.6393,trees_dense,pine_snow_dense,0.8572,194.75,,10
161,104,0.630859,0.408203,0.5875,trees_dense,pine_snow_dense,0.9545,317.75,,10
163,111,0.638672,0.435547,0.6910,trees_dense,pine_snow_dense,0.9774,260.47,,10
157,109,0.615234,0.427734,0.7146,trees_dense,pine_snow_dense,1.3083,238.59,,10
156,107,0.611328,0.419922,0.7068,trees_dense,pine_snow_dense,0.8527,149.49,,10
161,105,0.630859,0.412109,0.5840,trees_dense,pine_snow_dense,1.3496,79.18,,10
151,105,0.591797,0.412109,0.6894,trees_dense,pine_snow_dense,1.3414,322.20,,10
161,109,0.630859,0.427734,0.6506,trees_dense,pine_snow_dense,1.2220,267.09,,10
159,103,0.623047,0.404297,0.6359,trees_dense,pine_snow_dense,1.0290,281.84,,10
152,105,0.595703,0.412109,0.6800,trees_dense,pine_snow_dense,0.8169,333.55,,11
152,101,0.595703,0.396484,0.7110,trees_dense,pine_snow_dense,0.8818,184.69,,11
155,104,0.607422,0.408203,0.6790,trees_dense,pine_snow_dense,1.0148,177.89,,11
153,101,0.599609,0.396484,0.7156,trees_dense,pine_snow_dense,1.2235,299.33,,11
150,105,0.587891,0.412109,0.6988,trees_dense,pine_snow_dense,0.8413,302.45,,11
149,103,0.583984,0.404297,0.7092,trees_dense,pine_snow_dense,1.1015,321.82,,11
153,105,0.599609,0.412109,0.6719,trees_dense,pine_snow_dense,1.0853,130.08,,11
152,103,0.595703,0.404297,0.6909,trees_dense,pine_snow_dense,1.0741,96.39,,11
153,103,0.599609,0.404297,0.6867,trees_dense,pine_snow_dense,1.0717,325.86,,11
149,104,0.583984,0.408203,0.7070,trees_dense,pine_snow_dense,0.9189,340.53,,11
151,103,0.591797,0.404297,0.6961,trees_dense,pine_snow_dense,1.2123,213.30,,11
152,106,0.595703,0.416016,0.6815,trees_dense,pine_snow_dense,0.8727,146.91,,11
152,104,0.595703,0.408203,0.6836,trees_dense,pine_snow_dense,1.1174,356.50,,11
156,105,0.611328,0.412109,0.6993,trees_dense,pine_snow_dense,0.9795,257.06,,11
151,102,0.591797,0.400391,0.7023,trees_dense,pine_snow_dense,1.0290,169.99,,11
150,106,0.587891,0.416016,0.6997,trees_dense,pine_snow_dense,1.2973,345.98,,11
157,104,0.615234,0.408203,0.7029,trees_dense,pine_snow_dense,0.8083,55.25,,11
150,102,0.587891,0.400391,0.7071,trees_dense,pine_snow_dense,1.0325,47.51,,11
153,102,0.599609,0.400391,0.7013,trees_dense,pine_snow_dense,1.2280,198.55,,11
156,103,0.611328,0.404297,0.7083,trees_dense,pine_snow_dense,0.9226,319.26,,11
152,102,0.595703,0.400391,0.7006,trees_dense,pine_snow_dense,1.1445,112.00,,11
150,104,0.587891,0.408203,0.6998,trees_dense,pine_snow_dense,1.0115,223.97,,11
160,109,0.626953,0.427734,0.6622,trees_dense,pine_snow_dense,1.2243,150.58,,11
88,130,0.345703,0.509766,0.6240,trees_dense,pine_snow_dense,1.0927,60.29,,12
90,127,0.353516,0.498047,0.7125,trees_dense,pine_snow_dense,0.9651,120.91,,12
86,127,0.337891,0.498047,0.6682,trees_dense,pine_snow_dense,0.9872,15.32,,12
87,127,0.341797,0.498047,0.6831,trees_dense,pine_snow_dense,0.9501,216.97,,12
89,128,0.349609,0.501953,0.6742,trees_dense,pine_snow_dense,1.2040,79.36,,12
87,130,0.341797,0.509766,0.6066,trees_dense,pine_snow_dense,0.8576,99.25,,12
85,125,0.333984,0.490234,0.6736,trees_dense,pine_snow_dense,0.9442,269.03,,12
84,128,0.330078,0.501953,0.5850,trees_dense,pine_snow_dense,1.0564,351.58,,12
89,129,0.349609,0.505859,0.6579,trees_dense,pine_snow_dense,1.1777,263.20,,12
85,124,0.333984,0.486328,0.7176,trees_dense,pine_snow_dense,1.3374,165.04,,12
86,130,0.337891,0.509766,0.5954,trees_dense,pine_snow_dense,1.0057,247.14,,12
88,128,0.345703,0.501953,0.6569,trees_dense,pine_snow_dense,0.8516,182.69,,12
90,128,0.353516,0.501953,0.6934,trees_dense,pine_snow_dense,1.0124,338.28,,12
84,124,0.330078,0.486328,0.7014,trees_dense,pine_snow_dense,1.1888,239.88,,12
84,134,0.330078,0.525391,0.5436,trees_dense,pine_snow_dense,0.9085,134.04,,12
88,127,0.345703,0.498047,0.6806,trees_dense,pine_snow_dense,1.0053,196.57,,12
83,131,0.326172,0.513672,0.5546,trees_dense,pine_snow_dense,1.0104,126.01,,12
89,133,0.349609,0.521484,0.6647,trees_dense,pine_snow_dense,1.1811,203.31,,12
88,131,0.345703,0.513672,0.6167,trees_dense,pine_snow_dense,0.9886,284.30,,12
85,128,0.333984,0.501953,0.6176,trees_dense,pine_snow_dense,1.1698,44.00,,12
83,115,0.326172,0.451172,0.6402,trees_dense,pine_snow_dense,0.8100,166.61,,12
83,126,0.326172,0.494141,0.6085,trees_dense,pine_snow_dense,0.8621,279.01,,12
85,130,0.333984,0.509766,0.5906,trees_dense,pine_snow_dense,0.8286,109.10,,12
93,98,0.365234,0.384766,0.7009,trees_dense,pine_snow_dense,1.1426,171.50,,13
92,98,0.361328,0.384766,0.7016,trees_dense,pine_snow_dense,1.1359,36.26,,13
94,98,0.369141,0.384766,0.7170,trees_dense,pine_snow_dense,0.8261,224.01,,13
97,94,0.380859,0.369141,0.7167,trees_dense,pine_snow_dense,0.9934,96.33,,13
89,99,0.349609,0.388672,0.7175,trees_dense,pine_snow_dense,0.9853,322.17,,13
88,99,0.345703,0.388672,0.7150,trees_dense,pine_snow_dense,0.9626,101.80,,13
87,99,0.341797,0.388672,0.7155,trees_dense,pine_snow_dense,0.9886,258.15,,13
130,73,0.509766,0.287109,0.3308,trees_dense,pine_snow_dense,0.8690,150.32,north_taiga,0
129,74,0.505859,0.291016,0.3790,trees_dense,pine_snow_dense,1.0011,338.22,north_taiga,0
128,72,0.501953,0.283203,0.3109,trees_dense,pine_snow_dense,0.9674,184.07,north_taiga,0
131,72,0.513672,0.283203,0.2815,trees_dense,pine_snow_dense,1.2311,267.29,north_taiga,0
127,74,0.498047,0.291016,0.3934,trees_dense,pine_snow_dense,1.1249,177.13,north_taiga,0
131,74,0.513672,0.291016,0.3430,trees_dense,pine_snow_dense,1.2108,16.67,north_taiga,0
128,74,0.501953,0.291016,0.3934,trees_dense,pine_snow_dense,0.8022,168.57,north_taiga,0
132,73,0.517578,0.287109,0.2911,trees_dense,pine_snow_dense,1.3483,192.37,north_taiga,0
134,73,0.525391,0.287109,0.2707,trees_dense,pine_snow_dense,1.3412,26.53,north_taiga,0
133,76,0.521484,0.298828,0.3625,trees_dense,pine_snow_dense,1.3330,136.87,north_taiga,0
138,74,0.541016,0.291016,0.2762,trees_dense,pine_snow_dense,1.1903,317.29,north_taiga,0
128,76,0.501953,0.298828,0.4809,trees_dense,pine_snow_dense,0.8622,108.05,north_taiga,0
133,74,0.521484,0.291016,0.3064,trees_dense,pine_snow_dense,1.1753,303.97,north_taiga,0
130,77,0.509766,0.302734,0.4470,trees_dense,pine_snow_dense,1.2262,303.24,north_taiga,0
129,76,0.505859,0.298828,0.4586,trees_dense,pine_snow_dense,1.0226,214.19,north_taiga,0
139,78,0.544922,0.306641,0.4122,trees_dense,pine_snow_dense,0.9535,33.15,north_taiga,0
132,74,0.517578,0.291016,0.3196,trees_dense,pine_snow_dense,0.9729,179.45,north_taiga,0
131,73,0.513672,0.287109,0.3136,trees_dense,pine_snow_dense,1.0372,353.13,north_taiga,0
130,76,0.509766,0.298828,0.4242,trees_dense,pine_snow_dense,1.1576,137.54,north_taiga,0
133,75,0.521484,0.294922,0.3348,trees_dense,pine_snow_dense,0.9239,216.13,north_taiga,0
138,84,0.541016,0.330078,0.6142,trees_dense,pine_snow_dense,0.8140,112.89,north_taiga,0
131,75,0.513672,0.294922,0.3701,trees_dense,pine_snow_dense,1.3361,195.25,north_taiga,0
129,72,0.505859,0.283203,0.3010,trees_dense,pine_snow_dense,1.1037,106.31,north_taiga,0
140,78,0.548828,0.306641,0.4210,trees_dense,pine_snow_dense,1.3351,243.64,north_taiga,0
129,75,0.505859,0.294922,0.4201,trees_dense,pine_snow_dense,0.9034,22.44,north_taiga,0
125,73,0.490234,0.287109,0.3006,trees_dense,pine_snow_dense,1.1364,189.51,north_taiga,0
130,80,0.509766,0.314453,0.5061,trees_dense,pine_snow_dense,1.3120,255.24,north_taiga,0
130,72,0.509766,0.283203,0.2940,trees_dense,pine_snow_dense,1.0500,176.98,north_taiga,0
127,73,0.498047,0.287109,0.3484,trees_dense,pine_snow_dense,1.2736,92.02,north_taiga,0
134,75,0.525391,0.294922,0.3388,trees_dense,pine_snow_dense,1.0310,315.41,north_taiga,0
130,79,0.509766,0.310547,0.5185,trees_dense,pine_snow_dense,0.8808,333.91,north_taiga,0
139,77,0.544922,0.302734,0.3757,trees_dense,pine_snow_dense,1.1836,181.46,north_taiga,0
132,76,0.517578,0.298828,0.3718,trees_dense,pine_snow_dense,1.0785,5.16,north_taiga,0
154,80,0.603516,0.314453,0.2806,trees_dense,pine_snow_dense,1.3279,249.97,north_taiga,1
153,81,0.599609,0.318359,0.3377,trees_dense,pine_snow_dense,1.2026,317.02,north_taiga,1
142,79,0.556641,0.310547,0.4293,trees_dense,pine_snow_dense,0.9589,222.05,north_taiga,1
142,76,0.556641,0.298828,0.3230,trees_dense,pine_snow_dense,0.9455,33.93,north_taiga,1
149,85,0.583984,0.333984,0.5593,trees_dense,pine_snow_dense,0.9352,38.78,north_taiga,1
145,86,0.568359,0.337891,0.6115,trees_dense,pine_snow_dense,1.0162,56.91,north_taiga,1
151,80,0.591797,0.314453,0.3318,trees_dense,pine_snow_dense,0.9189,145.70,north_taiga,1
137,80,0.537109,0.314453,0.4782,trees_dense,pine_snow_dense,1.0554,321.85,north_taiga,1
142,83,0.556641,0.326172,0.5417,trees_dense,pine_snow_dense,1.3013,274.75,north_taiga,1
150,81,0.587891,0.318359,0.3924,trees_dense,pine_snow_dense,0.8493,223.29,north_taiga,1
152,80,0.595703,0.314453,0.3131,trees_dense,pine_snow_dense,1.3479,331.94,north_taiga,1
148,81,0.580078,0.318359,0.4289,trees_dense,pine_snow_dense,0.8789,199.14,north_taiga,1
146,77,0.572266,0.302734,0.3043,trees_dense,pine_snow_dense,1.1693,282.32,north_taiga,1
149,79,0.583984,0.310547,0.3396,trees_dense,pine_snow_dense,1.3029,220.20,north_taiga,1
138,80,0.541016,0.314453,0.4813,trees_dense,pine_snow_dense,1.2359,340.26,north_taiga,1
150,80,0.587891,0.314453,0.3523,trees_dense,pine_snow_dense,1.2820,167.65,north_taiga,1
145,80,0.568359,0.314453,0.4351,trees_dense,pine_snow_dense,1.0784,219.23,north_taiga,1
140,75,0.548828,0.294922,0.3067,trees_dense,pine_snow_dense,1.2992,205.47,north_taiga,1
155,81,0.607422,0.318359,0.3006,trees_dense,pine_snow_dense,0.8792,128.64,north_taiga,1
143,80,0.560547,0.314453,0.4480,trees_dense,pine_snow_dense,1.1845,220.31,north_taiga,1
144,81,0.564453,0.318359,0.4788,trees_dense,pine_snow_dense,1.2074,27.25,north_taiga,1
149,83,0.583984,0.326172,0.4876,trees_dense,pine_snow_dense,0.8442,159.29,north_taiga,1
142,77,0.556641,0.302734,0.3598,trees_dense,pine_snow_dense,1.0619,71.06,north_taiga,1
145,78,0.568359,0.306641,0.3529,trees_dense,pine_snow_dense,1.3160,82.89,north_taiga,1
142,81,0.556641,0.318359,0.4904,trees_dense,pine_snow_dense,0.9704,359.65,north_taiga,1
141,74,0.552734,0.291016,0.2700,trees_dense,pine_snow_dense,0.9571,178.63,north_taiga,1
97,79,0.380859,0.310547,0.4742,trees_dense,pine_snow_dense,1.1675,260.45,north_taiga,2
95,79,0.373047,0.310547,0.4079,trees_dense,pine_snow_dense,0.9377,316.38,north_taiga,2
100,78,0.392578,0.306641,0.4801,trees_dense,pine_snow_dense,1.1773,353.62,north_taiga,2
104,81,0.408203,0.318359,0.6252,trees_dense,pine_snow_dense,1.0426,23.70,north_taiga,2
102,81,0.400391,0.318359,0.6448,trees_dense,pine_snow_dense,0.8672,138.89,north_taiga,2
103,82,0.404297,0.322266,0.6859,trees_dense,pine_snow_dense,0.9820,85.39,north_taiga,2
101,77,0.396484,0.302734,0.4482,trees_dense,pine_snow_dense,0.9888,349.12,north_taiga,2
102,76,0.400391,0.298828,0.4201,trees_dense,pine_snow_dense,0.8607,196.84,north_taiga,2
107,81,0.419922,0.318359,0.6193,trees_dense,pine_snow_dense,0.8377,326.71,north_taiga,2
105,79,0.412109,0.310547,0.5298,trees_dense,pine_snow_dense,1.0645,173.53,north_taiga,2
103,81,0.404297,0.318359,0.6376,trees_dense,pine_snow_dense,1.3465,10.09,north_taiga,2
99,77,0.388672,0.302734,0.4302,trees_dense,pine_snow_dense,1.1853,119.31,north_taiga,2
97,81,0.380859,0.318359,0.5542,trees_dense,pine_snow_dense,0.8272,281.85,north_taiga,2
102,77,0.400391,0.302734,0.4643,trees_dense,pine_snow_dense,1.3206,222.90,north_taiga,2
111,74,0.435547,0.291016,0.3103,trees_dense,pine_snow_dense,1.0561,112.02,north_taiga,2
100,84,0.392578,0.330078,0.6984,trees_dense,pine_snow_dense,0.9421,330.45,north_taiga,2
98,79,0.384766,0.310547,0.4911,trees_dense,pine_snow_dense,1.0912,316.23,north_taiga,2
98,80,0.384766,0.314453,0.5296,trees_dense,pine_snow_dense,1.2787,244.73,north_taiga,2
101,80,0.396484,0.314453,0.5830,trees_dense,pine_snow_dense,1.0355,322.21,north_taiga,2
104,78,0.408203,0.306641,0.5000,trees_dense,pine_snow_dense,1.2111,27.73,north_taiga,2
100,74,0.392578,0.291016,0.3185,trees_dense,pine_snow_dense,0.9471,306.54,north_taiga,2
104,83,0.408203,0.326172,0.7084,trees_dense,pine_snow_dense,0.9569,124.76,north_taiga,2
100,73,0.392578,0.287109,0.2815,trees_dense,pine_snow_dense,1.0836,346.10,north_taiga,2
101,81,0.396484,0.318359,0.6212,trees_dense,pine_snow_dense,0.9389,359.40,north_taiga,2
97,78,0.380859,0.306641,0.4460,trees_dense,pine_snow_dense,0.8832,334.84,north_taiga,2
101,76,0.396484,0.298828,0.4053,trees_dense,pine_snow_dense,1.0058,206.72,north_taiga,2
96,78,0.376953,0.306641,0.4094,trees_dense,pine_snow_dense,0.8733,47.10,north_taiga,2
97,76,0.380859,0.298828,0.3728,trees_dense,pine_snow_dense,1.2490,304.26,north_taiga,2
100,77,0.392578,0.302734,0.4360,trees_dense,pine_snow_dense,0.9949,236.76,north_taiga,2
99,82,0.388672,0.322266,0.6125,trees_dense,pine_snow_dense,1.0737,215.41,north_taiga,2
108,74,0.423828,0.291016,0.3425,trees_dense,pine_snow_dense,1.0751,108.04,north_taiga,2
97,75,0.380859,0.294922,0.3230,trees_dense,pine_snow_dense,1.0796,20.35,north_taiga,2
96,79,0.376953,0.310547,0.4452,trees_dense,pine_snow_dense,1.0665,21.12,north_taiga,2
96,77,0.376953,0.302734,0.3821,trees_dense,pine_snow_dense,0.8675,77.19,north_taiga,2
103,73,0.404297,0.287109,0.3106,trees_dense,pine_snow_dense,1.2763,345.25,north_taiga,3
108,76,0.423828,0.298828,0.4222,trees_dense,pine_snow_dense,1.1553,344.31,north_taiga,3
113,75,0.443359,0.294922,0.3357,trees_dense,pine_snow_dense,1.2532,261.20,north_taiga,3
101,75,0.396484,0.294922,0.3652,trees_dense,pine_snow_dense,0.9023,218.84,north_taiga,3
107,78,0.419922,0.306641,0.4908,trees_dense,pine_snow_dense,1.3007,159.09,north_taiga,3
109,75,0.427734,0.294922,0.3828,trees_dense,pine_snow_dense,0.9315,272.12,north_taiga,3
107,73,0.419922,0.287109,0.2981,trees_dense,pine_snow_dense,1.2774,133.50,north_taiga,3
108,77,0.423828,0.302734,0.4617,trees_dense,pine_snow_dense,1.3194,66.41,north_taiga,3
105,74,0.412109,0.291016,0.3424,trees_dense,pine_snow_dense,0.8560,33.93,north_taiga,3
108,73,0.423828,0.287109,0.3019,trees_dense,pine_snow_dense,1.1031,211.16,north_taiga,3
110,79,0.431641,0.310547,0.5194,trees_dense,pine_snow_dense,1.2142,43.13,north_taiga,3
111,79,0.435547,0.310547,0.4972,trees_dense,pine_snow_dense,1.3285,234.99,north_taiga,3
102,78,0.400391,0.306641,0.5103,trees_dense,pine_snow_dense,1.1395,130.06,north_taiga,3
106,78,0.416016,0.306641,0.4881,trees_dense,pine_snow_dense,1.3090,256.42,north_taiga,3
101,73,0.396484,0.287109,0.2890,trees_dense,pine_snow_dense,0.9803,210.54,north_taiga,3
103,79,0.404297,0.310547,0.5522,trees_dense,pine_snow_dense,1.1290,341.67,north_taiga,3
98,76,0.384766,0.298828,0.3842,trees_dense,pine_snow_dense,1.2591,350.66,north_taiga,3
111,76,0.435547,0.298828,0.3859,trees_dense,pine_snow_dense,1.2886,279.40,north_taiga,3
105,78,0.412109,0.306641,0.4921,trees_dense,pine_snow_dense,1.2058,177.70,north_taiga,3
109,79,0.427734,0.310547,0.5499,trees_dense,pine_snow_dense,1.0264,315.49,north_taiga,3
110,77,0.431641,0.302734,0.4410,trees_dense,pine_snow_dense,1.3254,29.81,north_taiga,3
104,75,0.408203,0.294922,0.3844,trees_dense,pine_snow_dense,1.3323,70.27,north_taiga,3
106,74,0.416016,0.291016,0.3390,trees_dense,pine_snow_dense,1.2598,11.67,north_taiga,3
99,75,0.388672,0.294922,0.3480,trees_dense,pine_snow_dense,0.8484,70.69,north_taiga,3
105,76,0.412109,0.298828,0.4182,trees_dense,pine_snow_dense,1.0334,207.58,north_taiga,3
113,76,0.443359,0.298828,0.3718,trees_dense,pine_snow_dense,1.2783,219.87,north_taiga,3
103,78,0.404297,0.306641,0.5110,trees_dense,pine_snow_dense,1.3225,53.94,north_taiga,3
111,77,0.435547,0.302734,0.4233,trees_dense,pine_snow_dense,1.0773,49.83,north_taiga,3
112,74,0.439453,0.291016,0.3022,trees_dense,pine_snow_dense,1.3450,221.44,north_taiga,3
99,80,0.388672,0.314453,0.5533,trees_dense,pine_snow_dense,0.8581,345.24,north_taiga,4
102,73,0.400391,0.287109,0.2985,trees_dense,pine_snow_dense,1.1277,90.03,north_taiga,4
104,74,0.408203,0.291016,0.3458,trees_dense,pine_snow_dense,1.0906,302.74,north_taiga,4
96,75,0.376953,0.294922,0.3016,trees_dense,pine_snow_dense,1.0380,121.18,north_taiga,4
106,76,0.416016,0.298828,0.4142,trees_dense,pine_snow_dense,1.1655,136.90,north_taiga,4
105,75,0.412109,0.294922,0.3807,trees_dense,pine_snow_dense,1.2131,12.04,north_taiga,4
103,75,0.404297,0.294922,0.3902,trees_dense,pine_snow_dense,1.2374,32.59,north_taiga,4
102,80,0.400391,0.314453,0.6015,trees_dense,pine_snow_dense,1.3363,112.52,north_taiga,4
109,76,0.427734,0.298828,0.4246,trees_dense,pine_snow_dense,0.9043,45.52,north_taiga,4
99,81,0.388672,0.318359,0.5857,trees_dense,pine_snow_dense,1.2725,64.67,north_taiga,4
104,76,0.408203,0.298828,0.4229,trees_dense,pine_snow_dense,0.8024,275.06,north_taiga,4
107,82,0.419922,0.322266,0.6727,trees_dense,pine_snow_dense,1.0294,233.14,north_taiga,4
101,74,0.396484,0.291016,0.3272,trees_dense,pine_snow_dense,1.0235,336.20,north_taiga,4
99,84,0.388672,0.330078,0.6785,trees_dense,pine_snow_dense,1.2278,180.53,north_taiga,4
106,82,0.416016,0.322266,0.6683,trees_dense,pine_snow_dense,1.0166,162.23,north_taiga,4
108,78,0.423828,0.306641,0.5012,trees_dense,pine_snow_dense,1.3349,31.92,north_taiga,4
109,77,0.427734,0.302734,0.4662,trees_dense,pine_snow_dense,1.0943,185.30,north_taiga,4
104,79,0.408203,0.310547,0.5389,trees_dense,pine_snow_dense,1.2871,178.31,north_taiga,4
99,83,0.388672,0.326172,0.6426,trees_dense,pine_snow_dense,0.9523,329.15,north_taiga,4
98,78,0.384766,0.306641,0.4632,trees_dense,pine_snow_dense,1.1688,215.14,north_taiga,4
107,83,0.419922,0.326172,0.7102,trees_dense,pine_snow_dense,1.1699,11.73,north_taiga,4
96,76,0.376953,0.298828,0.3505,trees_dense,pine_snow_dense,1.1719,164.79,north_taiga,4
100,80,0.392578,0.314453,0.5658,trees_dense,pine_snow_dense,1.2131,229.68,north_taiga,4
98,75,0.384766,0.294922,0.3427,trees_dense,pine_snow_dense,0.8223,85.61,north_taiga,4
103,77,0.404297,0.302734,0.4701,trees_dense,pine_snow_dense,0.8292,183.44,north_taiga,4
100,75,0.392578,0.294922,0.3554,trees_dense,pine_snow_dense,1.1474,78.31,north_taiga,4
105,80,0.412109,0.314453,0.5697,trees_dense,pine_snow_dense,1.1991,337.03,north_taiga,4
108,79,0.423828,0.310547,0.5420,trees_dense,pine_snow_dense,0.9203,2.15,north_taiga,5
110,78,0.431641,0.306641,0.4801,trees_dense,pine_snow_dense,0.8922,316.51,north_taiga,5
108,81,0.423828,0.318359,0.6338,trees_dense,pine_snow_dense,0.8562,188.54,north_taiga,5
110,82,0.431641,0.322266,0.6415,trees_dense,pine_snow_dense,1.1624,26.61,north_taiga,5
110,76,0.431641,0.298828,0.4019,trees_dense,pine_snow_dense,0.8968,30.10,north_taiga,5
100,82,0.392578,0.322266,0.6303,trees_dense,pine_snow_dense,0.9316,43.11,north_taiga,5
107,74,0.419922,0.291016,0.3382,trees_dense,pine_snow_dense,1.3399,347.02,north_taiga,5
110,80,0.431641,0.314453,0.5596,trees_dense,pine_snow_dense,1.2267,298.58,north_taiga,5
106,73,0.416016,0.287109,0.2991,trees_dense,pine_snow_dense,0.9375,99.66,north_taiga,5
109,80,0.427734,0.314453,0.5934,trees_dense,pine_snow_dense,1.2148,18.13,north_taiga,5
108,75,0.423828,0.294922,0.3826,trees_dense,pine_snow_dense,1.1094,148.31,north_taiga,5
112,83,0.439453,0.326172,0.6220,trees_dense,pine_snow_dense,0.8969,224.97,north_taiga,5
110,75,0.431641,0.294922,0.3630,trees_dense,pine_snow_dense,0.8170,322.16,north_taiga,5
103,80,0.404297,0.314453,0.5935,trees_dense,pine_snow_dense,0.9062,91.05,north_taiga,5
107,75,0.419922,0.294922,0.3770,trees_dense,pine_snow_dense,1.2428,123.85,north_taiga,5
110,73,0.431641,0.287109,0.2831,trees_dense,pine_snow_dense,1.1074,253.28,north_taiga,5
111,75,0.435547,0.294922,0.3484,trees_dense,pine_snow_dense,0.8569,231.97,north_taiga,5
106,80,0.416016,0.314453,0.5668,trees_dense,pine_snow_dense,1.1149,352.55,north_taiga,5
111,73,0.435547,0.287109,0.2706,trees_dense,pine_snow_dense,1.3186,160.75,north_taiga,5
107,79,0.419922,0.310547,0.5300,trees_dense,pine_snow_dense,1.1216,187.97,north_taiga,5
105,82,0.412109,0.322266,0.6701,trees_dense,pine_snow_dense,1.3147,290.53,north_taiga,5
106,83,0.416016,0.326172,0.7006,trees_dense,pine_snow_dense,1.0051,282.15,north_taiga,5
109,81,0.427734,0.318359,0.6375,trees_dense,pine_snow_dense,0.8139,221.14,north_taiga,5
105,77,0.412109,0.302734,0.4552,trees_dense,pine_snow_dense,0.8874,118.16,north_taiga,5
111,82,0.435547,0.322266,0.6106,trees_dense,pine_snow_dense,1.0495,132.43,north_taiga,5
111,83,0.435547,0.326172,0.6507,trees_dense,pine_snow_dense,0.8770,55.49,north_taiga,5
107,76,0.419922,0.298828,0.4150,trees_dense,pine_snow_dense,1.2451,232.35,north_taiga,5
107,80,0.419922,0.314453,0.5719,trees_dense,pine_snow_dense,0.9336,357.78,north_taiga,5
111,81,0.435547,0.318359,0.5721,trees_dense,pine_snow_dense,1.2490,295.07,north_taiga,5
101,78,0.396484,0.306641,0.4937,trees_dense,pine_snow_dense,1.0611,266.20,north_taiga,5
133,78,0.521484,0.306641,0.4288,trees_dense,pine_snow_dense,1.1123,37.47,north_taiga,6
131,78,0.513672,0.306641,0.4520,trees_dense,pine_snow_dense,1.1353,202.74,north_taiga,6
134,83,0.525391,0.326172,0.5550,trees_dense,pine_snow_dense,1.2999,203.41,north_taiga,6
135,80,0.529297,0.314453,0.4733,trees_dense,pine_snow_dense,0.9927,286.53,north_taiga,6
138,81,0.541016,0.318359,0.5228,trees_dense,pine_snow_dense,1.0269,114.97,north_taiga,6
132,82,0.517578,0.322266,0.5026,trees_dense,pine_snow_dense,0.8241,269.20,north_taiga,6
134,85,0.525391,0.333984,0.5909,trees_dense,pine_snow_dense,1.1492,196.56,north_taiga,6
130,82,0.509766,0.322266,0.5192,trees_dense,pine_snow_dense,1.0847,257.55,north_taiga,6
131,81,0.513672,0.318359,0.4929,trees_dense,pine_snow_dense,1.3169,44.11,north_taiga,6
133,79,0.521484,0.310547,0.4631,trees_dense,pine_snow_dense,0.8942,46.93,north_taiga,6
135,82,0.529297,0.322266,0.5318,trees_dense,pine_snow_dense,1.3156,115.89,north_taiga,6
143,75,0.560547,0.294922,0.2718,trees_dense,pine_snow_dense,0.9400,244.96,north_taiga,6
130,78,0.509766,0.306641,0.4788,trees_dense,pine_snow_dense,0.8561,107.82,north_taiga,6
130,84,0.509766,0.330078,0.5460,trees_dense,pine_snow_dense,1.2589,337.38,north_taiga,6
133,86,0.521484,0.337891,0.5978,trees_dense,pine_snow_dense,0.9778,225.48,north_taiga,6
128,86,0.501953,0.337891,0.5966,trees_dense,pine_snow_dense,1.2380,252.81,north_taiga,6
131,82,0.513672,0.322266,0.5072,trees_dense,pine_snow_dense,1.0557,63.42,north_taiga,6
131,86,0.513672,0.337891,0.5921,trees_dense,pine_snow_dense,0.9816,2.51,north_taiga,6
131,76,0.513672,0.298828,0.3946,trees_dense,pine_snow_dense,1.0913,295.45,north_taiga,6
133,80,0.521484,0.314453,0.4728,trees_dense,pine_snow_dense,0.9133,171.10,north_taiga,6
136,82,0.533203,0.322266,0.5312,trees_dense,pine_snow_dense,1.0419,12.96,north_taiga,6
134,80,0.525391,0.314453,0.4729,trees_dense,pine_snow_dense,1.0479,340.07,north_taiga,6
131,83,0.513672,0.326172,0.5214,trees_dense,pine_snow_dense,1.1573,232.67,north_taiga,6
136,79,0.533203,0.310547,0.4307,trees_dense,pine_snow_dense,1.2884,297.22,north_taiga,6
134,74,0.525391,0.291016,0.3048,trees_dense,pine_snow_dense,1.2827,256.32,north_taiga,6
132,81,0.517578,0.318359,0.4855,trees_dense,pine_snow_dense,1.0645,145.47,north_taiga,6
138,83,0.541016,0.326172,0.5886,trees_dense,pine_snow_dense,1.2013,253.94,north_taiga,6
128,75,0.501953,0.294922,0.4365,trees_dense,pine_snow_dense,0.9258,63.23,north_taiga,7
132,78,0.517578,0.306641,0.4336,trees_dense,pine_snow_dense,1.2250,312.57,north_taiga,7
128,73,0.501953,0.287109,0.3518,trees_dense,pine_snow_dense,1.0876,74.13,north_taiga,7
135,77,0.529297,0.302734,0.3719,trees_dense,pine_snow_dense,1.1175,252.03,north_taiga,7
136,76,0.533203,0.298828,0.3337,trees_dense,pine_snow_dense,1.3481,237.31,north_taiga,7
133,77,0.521484,0.302734,0.3921,trees_dense,pine_snow_dense,1.1492,308.94,north_taiga,7
134,78,0.525391,0.306641,0.4241,trees_dense,pine_snow_dense,1.3174,284.83,north_taiga,7
130,81,0.509766,0.318359,0.5091,trees_dense,pine_snow_dense,0.8418,82.23,north_taiga,7
127,72,0.498047,0.283203,0.3051,trees_dense,pine_snow_dense,1.2532,155.40,north_taiga,7
135,74,0.529297,0.291016,0.2947,trees_dense,pine_snow_dense,0.8115,72.71,north_taiga,7
136,75,0.533203,0.294922,0.3073,trees_dense,pine_snow_dense,1.3201,339.86,north_taiga,7
135,76,0.529297,0.298828,0.3453,trees_dense,pine_snow_dense,1.3080,53.33,north_taiga,7
131,80,0.513672,0.314453,0.4859,trees_dense,pine_snow_dense,1.0310,34.27,north_taiga,7
130,75,0.509766,0.294922,0.4003,trees_dense,pine_snow_dense,1.1592,80.43,north_taiga,7
135,78,0.529297,0.306641,0.4008,trees_dense,pine_snow_dense,1.1040,274.83,north_taiga,7
135,84,0.529297,0.330078,0.5813,trees_dense,pine_snow_dense,0.8411,139.30,north_taiga,7
134,76,0.525391,0.298828,0.3723,trees_dense,pine_snow_dense,1.2050,61.05,north_taiga,7
130,74,0.509766,0.291016,0.3684,trees_dense,pine_snow_dense,1.3040,302.32,north_taiga,7
135,81,0.529297,0.318359,0.5109,trees_dense,pine_snow_dense,0.9722,52.59,north_taiga,7
129,73,0.505859,0.287109,0.3396,trees_dense,pine_snow_dense,0.8804,89.93,north_taiga,7
140,80,0.548828,0.314453,0.4973,trees_dense,pine_snow_dense,1.2474,69.95,north_taiga,7
157,83,0.615234,0.326172,0.3181,trees_dense,pine_snow_dense,1.2135,313.54,north_taiga,8
157,85,0.615234,0.333984,0.3911,trees_dense,pine_snow_dense,1.2390,83.89,north_taiga,8
147,84,0.576172,0.330078,0.5425,trees_dense,pine_snow_dense,1.2029,267.80,north_taiga,8
157,84,0.615234,0.330078,0.3545,trees_dense,pine_snow_dense,1.2960,294.87,north_taiga,8
154,86,0.603516,0.337891,0.4940,trees_dense,pine_snow_dense,1.1565,4.40,north_taiga,8
156,85,0.611328,0.333984,0.4135,trees_dense,pine_snow_dense,1.0860,346.90,north_taiga,8
154,81,0.603516,0.318359,0.3194,trees_dense,pine_snow_dense,0.9681,5.04,north_taiga,8
155,83,0.607422,0.326172,0.3684,trees_dense,pine_snow_dense,1.2862,322.99,north_taiga,8
150,82,0.587891,0.322266,0.4342,trees_dense,pine_snow_dense,1.0776,121.21,north_taiga,8
155,84,0.607422,0.330078,0.4043,trees_dense,pine_snow_dense,0.8806,283.04,north_taiga,8
156,84,0.611328,0.330078,0.3784,trees_dense,pine_snow_dense,1.1270,307.13,north_taiga,8
156,86,0.611328,0.337891,0.4471,trees_dense,pine_snow_dense,1.2110,290.30,north_taiga,8
155,85,0.607422,0.333984,0.4385,trees_dense,pine_snow_dense,0.9652,238.15,north_taiga,8
154,84,0.603516,0.330078,0.4305,trees_dense,pine_snow_dense,1.0858,319.87,north_taiga,8
154,85,0.603516,0.333984,0.4636,trees_dense,pine_snow_dense,0.8271,138.64,north_taiga,8
157,82,0.615234,0.322266,0.2862,trees_dense,pine_snow_dense,1.2707,352.74,north_taiga,8
151,84,0.591797,0.330078,0.4976,trees_dense,pine_snow_dense,0.9601,272.19,north_taiga,8
156,82,0.611328,0.322266,0.3105,trees_dense,pine_snow_dense,0.8884,59.68,north_taiga,8
158,83,0.619141,0.326172,0.2984,trees_dense,pine_snow_dense,0.8097,284.85,north_taiga,8
153,83,0.599609,0.326172,0.4194,trees_dense,pine_snow_dense,1.2585,81.46,north_taiga,8
154,82,0.603516,0.322266,0.3573,trees_dense,pine_snow_dense,0.8502,328.52,north_taiga,8
155,82,0.607422,0.322266,0.3343,trees_dense,pine_snow_dense,0.8101,43.92,north_taiga,8
144,84,0.564453,0.330078,0.5757,trees_dense,pine_snow_dense,1.0227,356.05,north_taiga,8
147,86,0.576172,0.337891,0.6160,trees_dense,pine_snow_dense,1.0817,124.42,north_taiga,8
149,86,0.583984,0.337891,0.5884,trees_dense,pine_snow_dense,0.9426,65.36,north_taiga,8
150,85,0.587891,0.333984,0.5433,trees_dense,pine_snow_dense,1.0777,357.97,north_taiga,8
153,84,0.599609,0.330078,0.4561,trees_dense,pine_snow_dense,0.9890,104.49,north_taiga,8
154,83,0.603516,0.326172,0.3942,trees_dense,pine_snow_dense,1.2690,71.01,north_taiga,8
150,83,0.587891,0.326172,0.4756,trees_dense,pine_snow_dense,1.0395,61.24,north_taiga,8
151,79,0.591797,0.310547,0.2926,trees_dense,pine_snow_dense,1.2353,40.04,north_taiga,8
126,180,0.494141,0.705078,0.5511,trees_dense,pine_snow_dense,0.9867,12.53,south_open_snow,0
108,147,0.423828,0.576172,0.7052,trees_dense,pine_snow_dense,1.2519,185.72,south_open_snow,0
96,159,0.376953,0.623047,0.4150,trees_dense,pine_snow_dense,1.0884,68.79,south_open_snow,0
116,175,0.455078,0.685547,0.4939,trees_dense,pine_snow_dense,1.1772,105.64,south_open_snow,0
172,145,0.673828,0.568359,0.4828,trees_dense,pine_snow_dense,1.3267,146.81,south_open_snow,0
147,149,0.576172,0.583984,0.5917,trees_dense,pine_snow_dense,1.0767,153.61,south_open_snow,0
111,161,0.435547,0.630859,0.7117,trees_dense,pine_snow_dense,1.0096,260.27,south_open_snow,0
79,143,0.310547,0.560547,0.4447,trees_dense,pine_snow_dense,1.1095,217.36,south_open_snow,0
139,163,0.544922,0.638672,0.5553,trees_dense,pine_snow_dense,1.1352,81.38,south_open_snow,0
91,145,0.357422,0.568359,0.5348,trees_dense,pine_snow_dense,1.1840,129.30,south_open_snow,0
89,157,0.349609,0.615234,0.3400,trees_dense,pine_snow_dense,0.8808,312.71,south_open_snow,0
134,154,0.525391,0.603516,0.6718,trees_dense,pine_snow_dense,0.9127,140.63,south_open_snow,0
148,177,0.580078,0.693359,0.3064,trees_dense,pine_snow_dense,1.0607,356.74,south_open_snow,0
99,150,0.388672,0.587891,0.5736,trees_dense,pine_snow_dense,1.2271,230.90,south_open_snow,0
97,167,0.380859,0.654297,0.3159,trees_dense,pine_snow_dense,1.3072,115.83,south_open_snow,0
79,153,0.310547,0.599609,0.2742,trees_dense,pine_snow_dense,0.8942,130.63,south_open_snow,0
115,150,0.451172,0.587891,0.7016,trees_dense,pine_snow_dense,1.1801,276.66,south_open_snow,0
156,146,0.611328,0.572266,0.6856,trees_dense,pine_snow_dense,1.2650,33.64,south_open_snow,0
162,105,0.634766,0.412109,0.5878,trees_other,birch_snow_dead,1.0971,145.32,,-1
165,110,0.646484,0.431641,0.6384,trees_other,birch_snow_dead,1.0111,261.08,,-1
155,107,0.607422,0.419922,0.6948,trees_other,birch_snow_dead,0.7978,208.43,,-1
100,152,0.392578,0.595703,0.5442,trees_other,birch_snow_dead,0.8245,122.52,,-1
83,138,0.326172,0.541016,0.5814,trees_other,birch_snow_dead,0.9490,330.94,,-1
97,141,0.380859,0.552734,0.6971,trees_other,birch_snow_dead,0.9480,240.25,,-1
127,89,0.498047,0.349609,0.6236,trees_other,birch_snow_dead,0.7608,182.04,,-1
151,82,0.591797,0.322266,0.4179,trees_other,birch_snow_dead,1.0971,214.69,,-1
93,150,0.365234,0.587891,0.4858,trees_other,birch_snow_dead,0.7323,127.00,,-1
79,108,0.310547,0.423828,0.4895,trees_other,birch_snow_dead,0.7386,258.74,,-1
173,151,0.677734,0.591797,0.2771,trees_other,birch_snow_dead,0.8686,201.24,,-1
167,105,0.654297,0.412109,0.5125,trees_other,birch_snow_dead,0.8865,179.43,,-1
133,73,0.521484,0.287109,0.2769,trees_other,birch_snow_dead,0.7647,182.08,,-1
178,137,0.697266,0.537109,0.4319,trees_other,birch_snow_dead,0.9407,282.60,,-1
148,173,0.580078,0.677734,0.4085,trees_other,birch_snow_dead,0.9102,342.76,,-1
97,155,0.380859,0.607422,0.4843,trees_other,birch_snow_dead,0.8926,241.71,,-1
152,79,0.595703,0.310547,0.2735,trees_other,birch_snow_dead,0.9244,10.82,,-1
125,94,0.490234,0.369141,0.7018,trees_other,birch_snow_dead,0.9524,211.45,,-1
88,154,0.345703,0.603516,0.3892,trees_other,birch_snow_dead,0.9313,61.36,,-1
117,171,0.458984,0.669922,0.6472,trees_other,birch_snow_dead,0.8597,221.80,,-1
73,98,0.287109,0.384766,0.2916,trees_other,birch_snow_dead,1.0987,9.91,,-1
143,87,0.560547,0.341797,0.6420,trees_other,birch_snow_dead,1.0944,279.32,,-1
180,131,0.705078,0.513672,0.2948,trees_other,birch_snow_dead,0.7430,196.81,,-1
174,143,0.681641,0.560547,0.4936,trees_other,birch_snow_dead,1.0649,72.28,,-1
77,138,0.302734,0.541016,0.3813,trees_other,birch_snow_dead,0.9470,312.41,,-1
101,150,0.396484,0.587891,0.5981,trees_other,birch_snow_dead,1.0733,78.15,,-1
172,146,0.673828,0.572266,0.4346,trees_other,birch_snow_dead,0.9917,98.81,,-1
101,157,0.396484,0.615234,0.4859,trees_other,birch_snow_dead,0.7873,194.97,,-1
77,133,0.302734,0.521484,0.4207,trees_other,birch_snow_dead,1.0473,38.63,,-1
145,155,0.568359,0.607422,0.4886,trees_other,birch_snow_dead,0.9523,186.53,,-1
71,101,0.279297,0.396484,0.2855,trees_other,birch_snow_dead,0.7339,60.83,,-1
170,143,0.666016,0.560547,0.6566,trees_other,birch_snow_dead,0.8478,174.66,,-1
176,142,0.689453,0.556641,0.4223,trees_other,birch_snow_dead,0.8490,166.32,,-1
82,146,0.322266,0.572266,0.5079,trees_other,birch_snow_dead,1.0440,99.50,,-1
129,92,0.505859,0.361328,0.7059,trees_other,birch_snow_dead,0.8746,218.83,,-1
80,113,0.314453,0.443359,0.5222,trees_other,birch_snow_dead,0.7322,331.53,,-1
127,184,0.498047,0.720703,0.2789,trees_other,birch_snow_dead,0.7878,230.88,,-1
155,106,0.607422,0.416016,0.6816,trees_other,birch_snow_dead,0.9906,210.92,,-1
132,80,0.517578,0.314453,0.4760,trees_other,birch_snow_dead,0.7358,143.21,,-1
77,107,0.302734,0.419922,0.4381,trees_other,birch_snow_dead,0.8470,332.80,,-1
82,137,0.322266,0.537109,0.5338,trees_other,birch_snow_dead,0.9537,125.94,,-1
105,156,0.412109,0.611328,0.5562,trees_other,birch_snow_dead,0.8167,338.70,,-1
143,156,0.560547,0.611328,0.4891,trees_other,birch_snow_dead,0.9701,155.78,,-1
173,137,0.677734,0.537109,0.6082,trees_other,birch_snow_dead,0.9345,159.23,,-1
144,156,0.564453,0.611328,0.4820,trees_other,birch_snow_dead,0.8379,290.85,,-1
82,136,0.322266,0.533203,0.5057,trees_other,birch_snow_dead,1.0931,253.45,,-1
93,146,0.365234,0.572266,0.5415,trees_other,birch_snow_dead,1.0888,261.12,,-1
99,154,0.388672,0.603516,0.4989,trees_other,birch_snow_dead,0.7578,111.13,,-1
78,96,0.306641,0.376953,0.3654,trees_other,birch_snow_dead,0.7372,349.86,,-1
81,136,0.318359,0.533203,0.4883,trees_other,birch_snow_dead,1.0697,177.84,,-1
116,176,0.455078,0.689453,0.4767,trees_other,birch_snow_dead,0.9184,26.21,,-1
108,146,0.423828,0.572266,0.7179,trees_other,birch_snow_dead,0.8916,218.93,,-1
150,176,0.587891,0.689453,0.2731,trees_other,birch_snow_dead,0.9787,35.74,,-1
109,161,0.427734,0.630859,0.6735,trees_other,birch_snow_dead,0.8172,186.10,,-1
144,148,0.564453,0.580078,0.6959,trees_other,birch_snow_dead,1.0061,230.76,,-1
149,177,0.583984,0.693359,0.2796,trees_other,birch_snow_dead,0.8868,327.54,,-1
121,179,0.474609,0.701172,0.4595,trees_other,birch_snow_dead,1.0711,73.30,,-1
145,167,0.568359,0.654297,0.5343,trees_other,birch_snow_dead,1.0479,338.64,,-1
71,108,0.279297,0.423828,0.2914,trees_other,birch_snow_dead,0.7155,188.43,,-1
127,87,0.498047,0.341797,0.5945,trees_other,birch_snow_dead,1.0558,321.05,,-1
98,166,0.384766,0.650391,0.3688,ice_boulders,ice_boulder,1.0414,279.43,,-1
73,111,0.287109,0.435547,0.3514,ice_boulders,ice_boulder,1.1577,159.38,,-1
92,141,0.361328,0.552734,0.7052,ice_boulders,ice_boulder,1.4955,205.61,,-1
132,152,0.517578,0.595703,0.7651,ice_boulders,ice_boulder,1.4693,100.91,,-1
109,109,0.427734,0.427734,0.8299,ice_boulders,ice_boulder,1.1547,182.64,,-1
110,146,0.431641,0.572266,0.7450,ice_boulders,ice_boulder,1.4741,247.68,,-1
148,172,0.580078,0.673828,0.4150,ice_boulders,ice_boulder,1.4225,51.03,,-1
85,155,0.333984,0.607422,0.3246,ice_boulders,ice_boulder,0.7656,129.01,,-1
150,101,0.587891,0.396484,0.7150,ice_boulders,ice_boulder,1.3537,272.31,,-1
88,115,0.345703,0.451172,0.8468,ice_boulders,ice_boulder,1.3987,267.32,,-1
119,103,0.466797,0.404297,0.7858,ice_boulders,ice_boulder,0.7635,159.05,,-1
130,93,0.509766,0.365234,0.7357,ice_boulders,ice_boulder,1.0179,33.24,,-1
145,117,0.568359,0.458984,0.8040,ice_boulders,ice_boulder,0.6784,24.42,,-1
104,141,0.408203,0.552734,0.7127,ice_boulders,ice_boulder,0.7957,150.34,,-1
120,119,0.470703,0.466797,0.8074,ice_boulders,ice_boulder,1.2122,311.94,,-1
104,120,0.408203,0.470703,0.8378,ice_boulders,ice_boulder,0.6849,192.44,,-1
114,97,0.447266,0.380859,0.7948,ice_boulders,ice_boulder,1.2655,343.15,,-1
111,115,0.435547,0.451172,0.7023,ice_boulders,ice_boulder,1.1243,144.37,,-1
74,97,0.291016,0.380859,0.2941,ice_boulders,ice_boulder,1.0208,356.78,,-1
73,134,0.287109,0.525391,0.2945,ice_boulders,ice_boulder,0.9206,54.78,,-1
136,113,0.533203,0.443359,0.7605,ice_boulders,ice_boulder,0.9994,12.02,,-1
96,129,0.376953,0.505859,0.8316,ice_boulders,ice_boulder,1.1877,224.23,,-1
120,113,0.470703,0.443359,0.8585,ice_boulders,ice_boulder,0.8246,187.84,,-1
138,94,0.541016,0.369141,0.8021,ice_boulders,ice_boulder,0.9452,230.44,,-1
140,105,0.548828,0.412109,0.7407,ice_boulders,ice_boulder,0.6945,322.76,,-1
123,91,0.482422,0.357422,0.6957,ice_boulders,ice_boulder,0.6440,253.34,,-1
101,152,0.396484,0.595703,0.5540,ice_boulders,ice_boulder,1.4460,102.11,,-1
150,109,0.587891,0.427734,0.7428,ice_boulders,ice_boulder,0.8609,327.74,,-1
83,109,0.326172,0.427734,0.6576,ice_boulders,ice_boulder,1.4550,7.36,,-1
81,125,0.318359,0.490234,0.6155,ice_boulders,ice_boulder,0.8446,251.07,,-1
130,100,0.509766,0.392578,0.8573,ice_boulders,ice_boulder,0.6865,209.36,,-1
145,147,0.568359,0.576172,0.7143,ice_boulders,ice_boulder,0.9322,110.16,,-1
138,88,0.541016,0.345703,0.6761,ice_boulders,ice_boulder,1.2880,274.45,,-1
107,155,0.419922,0.607422,0.5530,ice_boulders,ice_boulder,1.2280,39.25,,-1
151,145,0.591797,0.568359,0.6628,ice_boulders,ice_boulder,0.6105,178.97,,-1
88,123,0.345703,0.482422,0.8148,ice_boulders,ice_boulder,1.0437,341.89,,-1
118,175,0.462891,0.685547,0.5749,ice_boulders,ice_boulder,1.4999,15.27,,-1
91,100,0.357422,0.392578,0.7528,ice_boulders,ice_boulder,1.3849,267.59,,-1
115,157,0.451172,0.615234,0.6955,ice_boulders,ice_boulder,1.2169,359.63,,-1
131,162,0.513672,0.634766,0.7447,ice_boulders,ice_boulder,0.6451,236.82,,-1
145,88,0.568359,0.345703,0.6325,ice_boulders,ice_boulder,0.7536,5.31,,-1
126,73,0.494141,0.287109,0.3212,ice_boulders,ice_boulder,0.7580,199.72,,-1
97,102,0.380859,0.400391,0.8389,ice_boulders,ice_boulder,1.0117,45.31,,-1
107,85,0.419922,0.333984,0.7930,ice_boulders,ice_boulder,1.1475,333.95,,-1
114,139,0.447266,0.544922,0.8434,ice_boulders,ice_boulder,1.4491,269.08,,-1
150,79,0.587891,0.310547,0.3146,ice_boulders,ice_boulder,0.7050,167.13,,-1
95,159,0.373047,0.623047,0.3992,ice_boulders,ice_boulder,0.6865,340.34,,-1
113,130,0.443359,0.509766,0.8310,ice_boulders,ice_boulder,1.4706,139.92,,-1
107,99,0.419922,0.388672,0.8337,ice_boulders,ice_boulder,1.2573,87.20,,-1
87,129,0.341797,0.505859,0.6256,ice_boulders,ice_boulder,1.2740,348.22,,-1
102,103,0.400391,0.404297,0.8199,ice_boulders,ice_boulder,1.2557,249.31,,-1
116,166,0.455078,0.650391,0.7821,ice_boulders,ice_boulder,1.1955,30.14,,-1
139,150,0.544922,0.587891,0.6769,ice_boulders,ice_boulder,1.2790,344.64,,-1
131,109,0.513672,0.427734,0.7319,ice_boulders,ice_boulder,1.0624,216.52,,-1
106,75,0.416016,0.294922,0.3770,ice_boulders,ice_boulder,0.6384,318.73,,-1
109,93,0.427734,0.365234,0.8598,ice_boulders,ice_boulder,0.9239,1.88,,-1
143,111,0.560547,0.435547,0.7359,ice_boulders,ice_boulder,1.2678,233.17,,-1
123,97,0.482422,0.380859,0.7399,ice_boulders,ice_boulder,0.6859,214.72,,-1
74,103,0.291016,0.404297,0.4014,ice_boulders,ice_boulder,1.3916,235.12,,-1
142,75,0.556641,0.294922,0.2875,ice_boulders,ice_boulder,1.0707,76.35,,-1
136,77,0.533203,0.302734,0.3618,ice_boulders,ice_boulder,1.0022,262.19,,-1
119,147,0.466797,0.576172,0.7991,ice_boulders,ice_boulder,0.7411,104.34,,-1
104,161,0.408203,0.630859,0.5925,ice_boulders,ice_boulder,1.1207,57.66,,-1
115,89,0.451172,0.349609,0.7496,ice_boulders,ice_boulder,0.7758,171.66,,-1
78,145,0.306641,0.568359,0.3494,ice_boulders,ice_boulder,1.0797,142.47,,-1
99,146,0.388672,0.572266,0.6306,ice_boulders,ice_boulder,0.9962,71.82,,-1
147,95,0.576172,0.373047,0.8341,ice_boulders,ice_boulder,1.4564,72.48,,-1
127,183,0.498047,0.716797,0.3415,ice_boulders,ice_boulder,1.2918,97.04,,-1
100,111,0.392578,0.435547,0.8584,ice_boulders,ice_boulder,1.0096,222.12,,-1
114,103,0.447266,0.404297,0.7702,ice_boulders,ice_boulder,1.4696,300.05,,-1
160,132,0.626953,0.517578,0.7953,ice_boulders,ice_boulder,0.6779,70.90,east_ridge,-1
170,142,0.666016,0.556641,0.7092,ice_boulders,ice_boulder,1.0261,185.38,east_ridge,-1
154,142,0.603516,0.556641,0.8359,ice_boulders,ice_boulder,1.1111,165.90,east_ridge,-1
173,138,0.677734,0.541016,0.6339,ice_boulders,ice_boulder,1.2697,320.29,east_ridge,-1
159,142,0.623047,0.556641,0.8446,ice_boulders,ice_boulder,1.1232,103.84,east_ridge,-1
152,113,0.595703,0.443359,0.7651,ice_boulders,ice_boulder,0.6664,178.21,east_ridge,-1
166,110,0.650391,0.431641,0.6272,ice_boulders,ice_boulder,0.9288,268.11,east_ridge,-1
154,109,0.603516,0.427734,0.7299,ice_boulders,ice_boulder,0.8969,266.69,east_ridge,-1
168,133,0.658203,0.521484,0.7809,ice_boulders,ice_boulder,1.3795,118.13,east_ridge,-1
160,146,0.626953,0.572266,0.6933,ice_boulders,ice_boulder,1.2591,217.13,east_ridge,-1
167,138,0.654297,0.541016,0.8477,ice_boulders,ice_boulder,1.0221,108.02,east_ridge,-1
157,129,0.615234,0.505859,0.8195,ice_boulders,ice_boulder,0.8445,300.45,east_ridge,-1
156,135,0.611328,0.529297,0.7594,ice_boulders,ice_boulder,0.9444,327.83,east_ridge,-1
163,115,0.638672,0.451172,0.8376,ice_boulders,ice_boulder,0.6613,11.82,east_ridge,-1
154,105,0.603516,0.412109,0.6685,ice_boulders,ice_boulder,0.9678,309.69,east_ridge,-1
155,116,0.607422,0.455078,0.8401,ice_boulders,ice_boulder,0.9996,61.63,east_ridge,-1
170,106,0.666016,0.416016,0.3963,ice_boulders,ice_boulder,0.9704,153.92,east_ridge,-1
160,104,0.626953,0.408203,0.5986,ice_boulders,ice_boulder,1.1085,111.07,east_ridge,-1
153,130,0.599609,0.509766,0.8584,ice_boulders,ice_boulder,0.8789,215.28,east_ridge,-1
179,138,0.701172,0.541016,0.3709,ice_boulders,ice_boulder,1.2150,88.98,east_ridge,-1
160,111,0.626953,0.435547,0.7313,ice_boulders,ice_boulder,1.0660,138.86,east_ridge,-1
151,135,0.591797,0.529297,0.8222,ice_boulders,ice_boulder,1.3590,222.22,east_ridge,-1
172,148,0.673828,0.580078,0.3745,ice_boulders,ice_boulder,1.0843,340.82,east_ridge,-1
151,117,0.591797,0.458984,0.8558,ice_boulders,ice_boulder,0.9348,352.09,east_ridge,-1
162,139,0.634766,0.544922,0.8598,ice_boulders,ice_boulder,0.8790,87.05,east_ridge,-1
180,132,0.705078,0.517578,0.3038,ice_boulders,ice_boulder,1.3019,219.99,east_ridge,-1
167,145,0.654297,0.568359,0.6774,ice_boulders,ice_boulder,1.1037,212.37,east_ridge,-1
178,142,0.697266,0.556641,0.3285,ice_boulders,ice_boulder,1.1343,304.63,east_ridge,-1
172,134,0.673828,0.525391,0.5943,ice_boulders,ice_boulder,0.9399,100.70,east_ridge,-1
164,146,0.642578,0.572266,0.7606,ice_boulders,ice_boulder,0.9871,204.88,east_ridge,-1
156,99,0.611328,0.388672,0.7436,ice_boulders,ice_boulder,1.4429,292.69,east_ridge,-1
176,147,0.689453,0.576172,0.2754,ice_boulders,ice_boulder,1.3432,38.01,east_ridge,-1
159,115,0.623047,0.451172,0.8467,ice_boulders,ice_boulder,0.7994,24.15,east_ridge,-1
92,75,0.361328,0.294922,0.2301,snow_drifts,snow_drift,1.0584,198.28,,-1
99,73,0.388672,0.287109,0.2753,snow_drifts,snow_drift,0.8029,234.60,,-1
116,72,0.455078,0.283203,0.2201,snow_drifts,snow_drift,0.8937,45.12,,-1
127,71,0.498047,0.279297,0.2621,snow_drifts,snow_drift,0.8522,244.76,,-1
129,71,0.505859,0.279297,0.2608,snow_drifts,snow_drift,1.3676,137.71,,-1
140,74,0.548828,0.291016,0.2727,snow_drifts,snow_drift,1.1066,291.73,,-1
153,79,0.599609,0.310547,0.2567,snow_drifts,snow_drift,0.8005,286.87,,-1
91,77,0.357422,0.302734,0.2598,snow_drifts,snow_drift,1.4847,116.51,,-1
100,81,0.392578,0.318359,0.6000,snow_drifts,snow_drift,1.5105,147.81,,-1
113,74,0.443359,0.291016,0.2986,snow_drifts,snow_drift,1.4989,264.96,,-1
113,85,0.443359,0.333984,0.6950,snow_drifts,snow_drift,1.0035,0.93,,-1
132,77,0.517578,0.302734,0.3982,snow_drifts,snow_drift,1.2325,235.43,,-1
140,77,0.548828,0.302734,0.3820,snow_drifts,snow_drift,0.8621,239.18,,-1
152,82,0.595703,0.322266,0.3997,snow_drifts,snow_drift,0.8040,30.28,,-1
159,82,0.623047,0.322266,0.2450,snow_drifts,snow_drift,0.9487,199.76,,-1
75,93,0.294922,0.365234,0.2298,snow_drifts,snow_drift,1.0273,18.43,,-1
77,96,0.302734,0.376953,0.3317,snow_drifts,snow_drift,1.2420,4.39,,-1
86,98,0.337891,0.384766,0.6825,snow_drifts,snow_drift,1.4533,120.77,,-1
110,83,0.431641,0.326172,0.6832,snow_drifts,snow_drift,1.2056,102.58,,-1
115,92,0.451172,0.361328,0.7115,snow_drifts,snow_drift,0.8562,65.67,,-1
123,95,0.482422,0.373047,0.7157,snow_drifts,snow_drift,1.0285,40.95,,-1
138,90,0.541016,0.353516,0.7105,snow_drifts,snow_drift,1.0176,311.31,,-1
141,90,0.552734,0.353516,0.6980,snow_drifts,snow_drift,1.2758,159.69,,-1
154,89,0.603516,0.349609,0.5912,snow_drifts,snow_drift,1.4075,190.13,,-1
158,102,0.619141,0.400391,0.6898,snow_drifts,snow_drift,1.4502,182.99,,-1
69,102,0.271484,0.400391,0.2299,snow_drifts,snow_drift,1.4029,327.21,,-1
73,100,0.287109,0.392578,0.3365,snow_drifts,snow_drift,1.5767,124.70,,-1
84,109,0.330078,0.427734,0.7102,snow_drifts,snow_drift,0.8585,47.64,,-1
122,95,0.478516,0.373047,0.7165,snow_drifts,snow_drift,0.8700,113.11,,-1
134,107,0.525391,0.419922,0.7194,snow_drifts,snow_drift,1.0245,332.21,,-1
149,102,0.583984,0.400391,0.7144,snow_drifts,snow_drift,0.8903,229.77,,-1
154,101,0.603516,0.396484,0.7189,snow_drifts,snow_drift,0.9032,197.65,,-1
160,103,0.626953,0.404297,0.6130,snow_drifts,snow_drift,0.9543,228.59,,-1
175,110,0.685547,0.431641,0.2231,snow_drifts,snow_drift,1.1640,197.42,,-1
67,119,0.263672,0.466797,0.2228,snow_drifts,snow_drift,1.4350,283.34,,-1
80,118,0.314453,0.462891,0.6089,snow_drifts,snow_drift,1.1938,61.12,,-1
113,114,0.443359,0.447266,0.6890,snow_drifts,snow_drift,0.8906,79.66,,-1
135,109,0.529297,0.427734,0.7199,snow_drifts,snow_drift,0.9152,35.87,,-1
136,109,0.533203,0.427734,0.7168,snow_drifts,snow_drift,1.2266,89.97,,-1
161,111,0.630859,0.435547,0.7161,snow_drifts,snow_drift,1.5942,231.76,,-1
162,111,0.634766,0.435547,0.7022,snow_drifts,snow_drift,1.3553,4.92,,-1
175,111,0.685547,0.435547,0.2393,snow_drifts,snow_drift,1.3545,160.28,,-1
71,128,0.279297,0.501953,0.2648,snow_drifts,snow_drift,1.3245,228.33,,-1
80,125,0.314453,0.490234,0.5989,snow_drifts,snow_drift,0.8569,356.54,,-1
88,126,0.345703,0.494141,0.7083,snow_drifts,snow_drift,1.1564,149.83,,-1
115,117,0.451172,0.458984,0.7141,snow_drifts,snow_drift,0.9983,5.59,,-1
166,113,0.650391,0.443359,0.7076,snow_drifts,snow_drift,0.8933,109.42,,-1
181,128,0.708984,0.501953,0.2554,snow_drifts,snow_drift,1.3339,212.56,,-1
70,128,0.275391,0.501953,0.2387,snow_drifts,snow_drift,0.8564,49.49,,-1
78,137,0.306641,0.537109,0.4138,snow_drifts,snow_drift,0.8751,297.36,,-1
89,132,0.349609,0.517578,0.6494,snow_drifts,snow_drift,0.9265,277.30,,-1
93,138,0.365234,0.541016,0.7143,snow_drifts,snow_drift,1.2460,90.08,,-1
105,142,0.412109,0.556641,0.7189,snow_drifts,snow_drift,1.0684,76.62,,-1
171,141,0.669922,0.552734,0.7184,snow_drifts,snow_drift,1.3308,23.84,,-1
174,139,0.681641,0.544922,0.5961,snow_drifts,snow_drift,1.0391,312.23,,-1
74,142,0.291016,0.556641,0.2351,snow_drifts,snow_drift,0.9959,215.30,,-1
77,142,0.302734,0.556641,0.3778,snow_drifts,snow_drift,1.0797,239.18,,-1
93,142,0.365234,0.556641,0.6877,snow_drifts,snow_drift,1.2043,297.23,,-1
103,142,0.404297,0.556641,0.6782,snow_drifts,snow_drift,1.1939,219.57,,-1
177,142,0.693359,0.556641,0.3746,snow_drifts,snow_drift,1.0094,77.10,,-1
77,143,0.302734,0.560547,0.3463,snow_drifts,snow_drift,0.8307,213.83,south_open_snow,-1
96,143,0.376953,0.560547,0.6477,snow_drifts,snow_drift,1.4104,291.79,south_open_snow,-1
105,143,0.412109,0.560547,0.7033,snow_drifts,snow_drift,1.4310,192.73,south_open_snow,-1
112,148,0.439453,0.580078,0.7128,snow_drifts,snow_drift,0.9970,234.71,south_open_snow,-1
114,148,0.447266,0.580078,0.7107,snow_drifts,snow_drift,0.9507,298.66,south_open_snow,-1
135,151,0.529297,0.591797,0.7135,snow_drifts,snow_drift,0.9012,302.55,south_open_snow,-1
146,147,0.572266,0.576172,0.6693,snow_drifts,snow_drift,1.5180,75.00,south_open_snow,-1
154,147,0.603516,0.576172,0.6214,snow_drifts,snow_drift,1.2972,263.39,south_open_snow,-1
168,144,0.658203,0.564453,0.6896,snow_drifts,snow_drift,1.5274,54.14,south_open_snow,-1
176,146,0.689453,0.572266,0.3032,snow_drifts,snow_drift,1.5751,184.30,south_open_snow,-1
77,149,0.302734,0.583984,0.2556,snow_drifts,snow_drift,1.3948,278.13,south_open_snow,-1
85,154,0.333984,0.603516,0.3556,snow_drifts,snow_drift,1.1523,332.30,south_open_snow,-1
100,160,0.392578,0.626953,0.5416,snow_drifts,snow_drift,0.9008,300.18,south_open_snow,-1
113,159,0.443359,0.623047,0.6661,snow_drifts,snow_drift,1.1655,29.61,south_open_snow,-1
116,157,0.455078,0.615234,0.7148,snow_drifts,snow_drift,0.8752,333.94,south_open_snow,-1
132,156,0.517578,0.611328,0.7136,snow_drifts,snow_drift,1.4511,293.36,south_open_snow,-1
141,153,0.552734,0.599609,0.6012,snow_drifts,snow_drift,1.4988,172.28,south_open_snow,-1
148,148,0.580078,0.580078,0.6022,snow_drifts,snow_drift,1.3704,267.23,south_open_snow,-1
166,147,0.650391,0.576172,0.6459,snow_drifts,snow_drift,1.2793,287.52,south_open_snow,-1
171,150,0.669922,0.587891,0.3176,snow_drifts,snow_drift,0.9642,331.05,south_open_snow,-1
89,163,0.349609,0.638672,0.2417,snow_drifts,snow_drift,1.0984,158.91,south_open_snow,-1
94,164,0.369141,0.642578,0.3238,snow_drifts,snow_drift,0.9731,260.91,south_open_snow,-1
107,160,0.419922,0.626953,0.6136,snow_drifts,snow_drift,1.2896,160.40,south_open_snow,-1
116,158,0.455078,0.619141,0.7115,snow_drifts,snow_drift,1.0440,219.70,south_open_snow,-1
135,163,0.529297,0.638672,0.6001,snow_drifts,snow_drift,1.1393,117.16,south_open_snow,-1
137,158,0.537109,0.619141,0.5926,snow_drifts,snow_drift,1.1672,312.73,south_open_snow,-1
149,172,0.583984,0.673828,0.3880,snow_drifts,snow_drift,1.1179,147.67,south_open_snow,-1
95,168,0.373047,0.658203,0.2257,snow_drifts,snow_drift,1.5782,322.73,south_open_snow,-1
99,173,0.388672,0.677734,0.2262,snow_drifts,snow_drift,0.8208,229.40,south_open_snow,-1
114,178,0.447266,0.697266,0.3262,snow_drifts,snow_drift,1.3662,293.02,south_open_snow,-1
122,175,0.478516,0.685547,0.7027,snow_drifts,snow_drift,1.5353,188.76,south_open_snow,-1
124,177,0.486328,0.693359,0.6877,snow_drifts,snow_drift,1.5755,83.72,south_open_snow,-1
148,175,0.580078,0.685547,0.3575,snow_drifts,snow_drift,1.2036,197.28,south_open_snow,-1
152,177,0.595703,0.693359,0.2250,snow_drifts,snow_drift,1.0926,174.20,south_open_snow,-1
117,182,0.458984,0.712891,0.2535,frozen_reeds,frozen_reed,1.0577,68.79,,-1
68,121,0.267578,0.474609,0.2542,frozen_reeds,frozen_reed,0.8113,72.92,,-1
109,165,0.427734,0.646484,0.4903,frozen_reeds,frozen_reed,1.0889,242.34,,-1
142,172,0.556641,0.673828,0.3809,frozen_reeds,frozen_reed,0.6453,4.18,,-1
69,113,0.271484,0.443359,0.2412,frozen_reeds,frozen_reed,1.1821,46.36,,-1
159,91,0.623047,0.357422,0.2308,frozen_reeds,frozen_reed,0.8155,263.37,,-1
172,116,0.673828,0.455078,0.4379,frozen_reeds,frozen_reed,0.7949,333.16,,-1
132,166,0.517578,0.650391,0.3954,frozen_reeds,frozen_reed,0.9559,96.37,,-1
163,89,0.638672,0.349609,0.2207,frozen_reeds,frozen_reed,0.6806,31.25,,-1
85,154,0.333984,0.603516,0.3556,frozen_reeds,frozen_reed,0.7119,2.50,,-1
125,81,0.490234,0.318359,0.3947,frozen_reeds,frozen_reed,0.7875,174.80,,-1
116,182,0.455078,0.712891,0.2384,frozen_reeds,frozen_reed,0.8621,80.74,,-1
162,103,0.634766,0.404297,0.2449,frozen_reeds,frozen_reed,1.0896,301.71,,-1
176,145,0.689453,0.568359,0.3327,frozen_reeds,frozen_reed,1.0092,133.52,,-1
136,164,0.533203,0.642578,0.3990,frozen_reeds,frozen_reed,0.9939,67.56,,-1
148,158,0.580078,0.619141,0.2560,frozen_reeds,frozen_reed,1.1546,172.56,,-1
96,93,0.376953,0.365234,0.3341,frozen_reeds,frozen_reed,0.7859,342.37,,-1
171,127,0.669922,0.498047,0.5660,frozen_reeds,frozen_reed,0.8430,340.39,,-1
137,76,0.537109,0.298828,0.3341,frozen_reeds,frozen_reed,0.9876,72.18,,-1
175,146,0.685547,0.572266,0.3412,frozen_reeds,frozen_reed,0.9708,91.66,,-1
165,158,0.646484,0.619141,0.2349,frozen_reeds,frozen_reed,0.7103,279.92,,-1
101,169,0.396484,0.662109,0.4139,frozen_reeds,frozen_reed,1.1246,185.27,,-1
73,102,0.287109,0.400391,0.3681,frozen_reeds,frozen_reed,0.6401,54.04,,-1
112,72,0.439453,0.283203,0.2246,frozen_reeds,frozen_reed,0.9325,101.94,,-1
103,73,0.404297,0.287109,0.3106,frozen_reeds,frozen_reed,0.9497,166.13,,-1
93,158,0.365234,0.619141,0.3883,frozen_reeds,frozen_reed,0.8260,135.59,,-1
169,114,0.662109,0.447266,0.5597,frozen_reeds,frozen_reed,1.1100,40.81,,-1
126,73,0.494141,0.287109,0.3212,frozen_reeds,frozen_reed,0.8985,104.46,,-1
157,95,0.615234,0.373047,0.2389,frozen_reeds,frozen_reed,0.7846,122.00,,-1
90,163,0.353516,0.638672,0.2637,frozen_reeds,frozen_reed,0.8819,292.99,,-1
111,176,0.435547,0.689453,0.3751,frozen_reeds,frozen_reed,1.1736,135.98,,-1
171,148,0.669922,0.580078,0.4043,frozen_reeds,frozen_reed,0.6994,358.29,,-1
157,92,0.615234,0.361328,0.2377,frozen_reeds,frozen_reed,0.8167,169.20,,-1
131,74,0.513672,0.291016,0.3430,frozen_reeds,frozen_reed,0.8116,75.02,,-1
71,133,0.279297,0.521484,0.2260,frozen_reeds,frozen_reed,0.8195,134.29,,-1
162,94,0.634766,0.369141,0.2200,frozen_reeds,frozen_reed,0.6425,39.47,,-1
169,125,0.662109,0.490234,0.5618,frozen_reeds,frozen_reed,0.9894,332.47,,-1
113,170,0.443359,0.666016,0.4852,frozen_reeds,frozen_reed,0.6262,161.25,,-1
141,166,0.552734,0.650391,0.3954,frozen_reeds,frozen_reed,0.6951,324.42,,-1
90,155,0.353516,0.607422,0.3840,frozen_reeds,frozen_reed,0.7018,250.05,,-1
94,83,0.369141,0.326172,0.3248,frozen_reeds,frozen_reed,0.8005,254.42,,-1
182,139,0.712891,0.544922,0.2274,frozen_reeds,frozen_reed,1.1005,314.25,,-1
118,80,0.462891,0.314453,0.3844,frozen_reeds,frozen_reed,1.0258,110.97,,-1
70,123,0.275391,0.482422,0.2913,frozen_reeds,frozen_reed,1.0840,96.29,,-1
161,162,0.630859,0.634766,0.2204,frozen_reeds,frozen_reed,0.9110,305.66,,-1
165,150,0.646484,0.587891,0.2542,frozen_reeds,frozen_reed,0.9965,335.91,,-1
82,150,0.322266,0.587891,0.3938,frozen_reeds,frozen_reed,0.8394,340.49,,-1
153,154,0.599609,0.603516,0.2491,frozen_reeds,frozen_reed,1.0473,194.39,,-1
148,154,0.580078,0.603516,0.2607,frozen_reeds,frozen_reed,1.0557,255.21,,-1
86,79,0.337891,0.310547,0.2247,frozen_reeds,frozen_reed,1.0105,333.62,,-1
134,76,0.525391,0.298828,0.3723,frozen_reeds,frozen_reed,1.1578,66.02,,-1
98,75,0.384766,0.294922,0.3427,frozen_reeds,frozen_reed,1.1356,238.34,,-1
118,179,0.462891,0.701172,0.3860,frozen_reeds,frozen_reed,0.6454,53.68,,-1
165,130,0.646484,0.509766,0.5886,frozen_reeds,frozen_reed,0.6710,197.48,,-1
72,125,0.283203,0.490234,0.2946,frozen_reeds,frozen_reed,1.0717,208.25,,-1
128,78,0.501953,0.306641,0.4122,frozen_reeds,frozen_reed,0.6561,127.21,,-1
82,84,0.322266,0.330078,0.3003,frozen_reeds,frozen_reed,1.1610,316.85,,-1
89,86,0.349609,0.337891,0.3014,frozen_reeds,frozen_reed,1.0533,281.27,,-1
164,160,0.642578,0.626953,0.2294,frozen_reeds,frozen_reed,0.7075,292.07,,-1
140,164,0.548828,0.642578,0.4013,frozen_reeds,frozen_reed,0.7753,263.66,,-1
170,122,0.666016,0.478516,0.5536,frozen_reeds,frozen_reed,0.7037,12.75,,-1
166,157,0.650391,0.615234,0.2390,frozen_reeds,frozen_reed,0.7874,303.56,,-1
87,79,0.341797,0.310547,0.2478,frozen_reeds,frozen_reed,0.6480,117.06,,-1
150,79,0.587891,0.310547,0.3146,frozen_reeds,frozen_reed,0.9138,217.22,,-1
153,170,0.599609,0.666016,0.2513,frozen_reeds,frozen_reed,0.8105,284.25,,-1
168,97,0.658203,0.380859,0.2200,frozen_reeds,frozen_reed,0.8164,208.37,,-1
173,113,0.677734,0.443359,0.3245,frozen_reeds,frozen_reed,0.7347,106.83,,-1
97,170,0.380859,0.666016,0.2466,frozen_reeds,frozen_reed,1.0026,119.36,,-1
72,108,0.283203,0.423828,0.3132,frozen_reeds,frozen_reed,0.7542,239.13,,-1
166,127,0.650391,0.498047,0.5768,frozen_reeds,frozen_reed,0.8569,83.17,,-1
73,108,0.287109,0.423828,0.3350,frozen_reeds,frozen_reed,0.8818,272.01,,-1
154,173,0.603516,0.677734,0.2567,frozen_reeds,frozen_reed,0.8143,98.18,,-1
88,90,0.345703,0.353516,0.3055,frozen_reeds,frozen_reed,0.6482,202.94,,-1
179,121,0.701172,0.474609,0.3251,frozen_reeds,frozen_reed,1.0082,231.84,,-1
85,84,0.333984,0.330078,0.3156,frozen_reeds,frozen_reed,1.1235,101.51,,-1
81,89,0.318359,0.349609,0.3271,frozen_reeds,frozen_reed,0.7913,197.97,,-1
92,87,0.361328,0.341797,0.3097,frozen_reeds,frozen_reed,0.9506,30.29,,-1
175,117,0.685547,0.458984,0.3502,frozen_reeds,frozen_reed,0.8419,156.21,,-1
174,118,0.681641,0.462891,0.4284,frozen_reeds,frozen_reed,0.6878,169.85,,-1
75,135,0.294922,0.529297,0.3601,frozen_reeds,frozen_reed,1.0871,244.71,,-1
